dataset,model,method,method_display,video_class,video_name,bbox_energy_ratio,temporal_consistency,sparsity_80
EtriActivity3D,TANet,3D-Kernel-SHAP-NEW,3D-Kernel-SHAP,0,A001_P046_G002_C001.mp4,0.20739951729774475,0.9856621623039246,0.6769256591796875
EtriActivity3D,TANet,3D-LIME-NEW,3D-LIME,0,A001_P046_G002_C001.mp4,0.3590465188026428,0.9848722815513611,0.5859861373901367
EtriActivity3D,TANet,3D-RISE-NEW,3D-RISE,0,A001_P046_G002_C001.mp4,0.261079877614975,0.6620671153068542,0.6122448979591837
EtriActivity3D,TANet,3D-Sampled-Occl-Sens-NEW,3D-Sampled-Occl-Sens,0,A001_P046_G002_C001.mp4,0.16070221364498138,0.0009407326579093933,0.6326530612244898
EtriActivity3D,TANet,LV-LOCO-NEW,LV-LOCO,0,A001_P046_G002_C001.mp4,0.9945517182350159,0.9788399338722229,0.006485557556152344
EtriActivity3D,TANet,LV-Univ-Pred-NEW,LV-Univ-Pred,0,A001_P046_G002_C001.mp4,0.1944192796945572,0.9933820366859436,0.7280025482177734
EtriActivity3D,TANet,SaliencyTubes,SaliencyTubes,0,A001_P046_G002_C001.mp4,0.50551438331604,0.992918074131012,0.08313802083333334
EtriActivity3D,TANet,AOSA,AOSA,0,A001_P046_G002_C001.mp4,0.5235857367515564,0.9927352070808411,0.17900191326530612
EtriActivity3D,TANet,GradCAM,GradCAM,0,A001_P046_G002_C001.mp4,0.4054037034511566,0.964094340801239,0.06875
EtriActivity3D,TANet,3D-Kernel-SHAP-NEW,3D-Kernel-SHAP,1,A002_P065_G001_C001.mp4,0.20598039031028748,0.9866942167282104,0.7674789428710938
EtriActivity3D,TANet,3D-LIME-NEW,3D-LIME,1,A002_P065_G001_C001.mp4,0.21838140487670898,0.9852132797241211,0.6713939666748047
EtriActivity3D,TANet,3D-RISE-NEW,3D-RISE,1,A002_P065_G001_C001.mp4,0.14743784070014954,0.7818383574485779,0.6887755102040817
EtriActivity3D,TANet,3D-Sampled-Occl-Sens-NEW,3D-Sampled-Occl-Sens,1,A002_P065_G001_C001.mp4,0.19385789334774017,-0.06197846308350563,0.007849293563579277
EtriActivity3D,TANet,LV-LOCO-NEW,LV-LOCO,1,A002_P065_G001_C001.mp4,0.8284810781478882,0.9637589454650879,0.006317710876464844
EtriActivity3D,TANet,LV-Univ-Pred-NEW,LV-Univ-Pred,1,A002_P065_G001_C001.mp4,0.12717388570308685,0.9928017854690552,0.7488414764404296
EtriActivity3D,TANet,SaliencyTubes,SaliencyTubes,1,A002_P065_G001_C001.mp4,0.6558513045310974,0.99604332447052,0.0921875
EtriActivity3D,TANet,AOSA,AOSA,1,A002_P065_G001_C001.mp4,0.12719836831092834,0.9874644875526428,0.7549326371173469
EtriActivity3D,TANet,GradCAM,GradCAM,1,A002_P065_G001_C001.mp4,0.6935820579528809,0.9939445853233337,0.07376302083333333
EtriActivity3D,TANet,3D-Kernel-SHAP-NEW,3D-Kernel-SHAP,1,A002_P096_G003_C004.mp4,0.32833313941955566,0.9884195327758789,0.6379495620727539
EtriActivity3D,TANet,3D-LIME-NEW,3D-LIME,1,A002_P096_G003_C004.mp4,0.417642742395401,0.9885786771774292,0.4935760498046875
EtriActivity3D,TANet,3D-RISE-NEW,3D-RISE,1,A002_P096_G003_C004.mp4,0.07171303778886795,0.7345271110534668,0.6326530612244898
EtriActivity3D,TANet,3D-Sampled-Occl-Sens-NEW,3D-Sampled-Occl-Sens,1,A002_P096_G003_C004.mp4,0.013203471899032593,-0.07999400049448013,0.08948194662480377
EtriActivity3D,TANet,LV-LOCO-NEW,LV-LOCO,1,A002_P096_G003_C004.mp4,0.8461368083953857,0.9883632659912109,0.01471099853515625
EtriActivity3D,TANet,LV-Univ-Pred-NEW,LV-Univ-Pred,1,A002_P096_G003_C004.mp4,0.046301234513521194,0.9922643899917603,0.7820854187011719
EtriActivity3D,TANet,SaliencyTubes,SaliencyTubes,1,A002_P096_G003_C004.mp4,0.16253991425037384,0.9978445172309875,0.0912109375
EtriActivity3D,TANet,AOSA,AOSA,1,A002_P096_G003_C004.mp4,0.028665708377957344,0.982542872428894,0.7398224914965986
EtriActivity3D,TANet,GradCAM,GradCAM,1,A002_P096_G003_C004.mp4,0.14672048389911652,0.9536088109016418,0.0708984375
EtriActivity3D,TANet,3D-Kernel-SHAP-NEW,3D-Kernel-SHAP,13,A014_P015_G003_C001.mp4,0.2023898959159851,0.9748483896255493,0.600468635559082
EtriActivity3D,TANet,3D-LIME-NEW,3D-LIME,13,A014_P015_G003_C001.mp4,0.20381192862987518,0.9730638861656189,0.5842935562133789
EtriActivity3D,TANet,3D-RISE-NEW,3D-RISE,13,A014_P015_G003_C001.mp4,0.11993157863616943,0.4359957277774811,0.673469387755102
EtriActivity3D,TANet,3D-Sampled-Occl-Sens-NEW,3D-Sampled-Occl-Sens,13,A014_P015_G003_C001.mp4,0.049842558801174164,0.11386843770742416,0.7362637362637363
EtriActivity3D,TANet,LV-LOCO-NEW,LV-LOCO,13,A014_P015_G003_C001.mp4,0.2099653035402298,0.985382080078125,0.6045543670654296
EtriActivity3D,TANet,LV-Univ-Pred-NEW,LV-Univ-Pred,13,A014_P015_G003_C001.mp4,0.06257706880569458,0.9508571624755859,0.7854385375976562
EtriActivity3D,TANet,SaliencyTubes,SaliencyTubes,13,A014_P015_G003_C001.mp4,0.1517459750175476,0.9953702688217163,0.6958984375
EtriActivity3D,TANet,AOSA,AOSA,13,A014_P015_G003_C001.mp4,0.061401866376399994,0.9848242998123169,0.7427156409438775
EtriActivity3D,TANet,GradCAM,GradCAM,13,A014_P015_G003_C001.mp4,0.26678401231765747,0.9813015460968018,0.06959635416666667
EtriActivity3D,TANet,3D-Kernel-SHAP-NEW,3D-Kernel-SHAP,14,A015_P013_G002_C008.mp4,0.04841816425323486,0.9907999038696289,0.11221885681152344
EtriActivity3D,TANet,3D-LIME-NEW,3D-LIME,14,A015_P013_G002_C008.mp4,0.014556989073753357,0.9904223084449768,0.6995811462402344
EtriActivity3D,TANet,3D-RISE-NEW,3D-RISE,14,A015_P013_G002_C008.mp4,0.03476381674408913,0.6870253682136536,0.6530612244897959
EtriActivity3D,TANet,3D-Sampled-Occl-Sens-NEW,3D-Sampled-Occl-Sens,14,A015_P013_G002_C008.mp4,0.001760884770192206,-0.2503928244113922,0.3532182103610675
EtriActivity3D,TANet,LV-LOCO-NEW,LV-LOCO,14,A015_P013_G002_C008.mp4,0.00954379327595234,0.9839059114456177,0.7326995849609375
EtriActivity3D,TANet,LV-Univ-Pred-NEW,LV-Univ-Pred,14,A015_P013_G002_C008.mp4,0.011665078811347485,0.9967682361602783,0.6819156646728516
EtriActivity3D,TANet,SaliencyTubes,SaliencyTubes,14,A015_P013_G002_C008.mp4,0.03516127169132233,0.9954681992530823,0.11204427083333333
EtriActivity3D,TANet,AOSA,AOSA,14,A015_P013_G002_C008.mp4,0.010631131939589977,0.9939727783203125,0.5157897534013606
EtriActivity3D,TANet,GradCAM,GradCAM,14,A015_P013_G002_C008.mp4,0.02837434411048889,0.9883883595466614,0.06321614583333333
EtriActivity3D,TANet,3D-Kernel-SHAP-NEW,3D-Kernel-SHAP,14,A015_P035_G002_C004.mp4,0.02195158414542675,0.9872099757194519,0.7018898010253907
EtriActivity3D,TANet,3D-LIME-NEW,3D-LIME,14,A015_P035_G002_C004.mp4,0.023329809308052063,0.9911902546882629,0.7581523895263672
EtriActivity3D,TANet,3D-RISE-NEW,3D-RISE,14,A015_P035_G002_C004.mp4,0.0,0.42955854535102844,0.7551020408163265
EtriActivity3D,TANet,3D-Sampled-Occl-Sens-NEW,3D-Sampled-Occl-Sens,14,A015_P035_G002_C004.mp4,0.00950550939887762,0.06179561838507652,0.7739403453689168
EtriActivity3D,TANet,LV-LOCO-NEW,LV-LOCO,14,A015_P035_G002_C004.mp4,0.017640817910432816,0.9754721522331238,0.8267730712890625
EtriActivity3D,TANet,LV-Univ-Pred-NEW,LV-Univ-Pred,14,A015_P035_G002_C004.mp4,0.016132330521941185,0.9879681468009949,0.7507604598999024
EtriActivity3D,TANet,SaliencyTubes,SaliencyTubes,14,A015_P035_G002_C004.mp4,0.10861770808696747,0.9910475015640259,0.10813802083333333
EtriActivity3D,TANet,AOSA,AOSA,14,A015_P035_G002_C004.mp4,0.013456935994327068,0.9928159713745117,0.7296815210459183
EtriActivity3D,TANet,GradCAM,GradCAM,14,A015_P035_G002_C004.mp4,0.1195865049958229,0.9097369909286499,0.07923177083333334
EtriActivity3D,TANet,3D-Kernel-SHAP-NEW,3D-Kernel-SHAP,15,A016_P021_G002_C006.mp4,0.06377872824668884,0.938032329082489,0.7328405380249023
EtriActivity3D,TANet,3D-LIME-NEW,3D-LIME,15,A016_P021_G002_C006.mp4,0.08930274099111557,0.9573780298233032,0.6370803833007812
EtriActivity3D,TANet,3D-RISE-NEW,3D-RISE,15,A016_P021_G002_C006.mp4,0.12556350231170654,0.6932096481323242,0.6224489795918368
EtriActivity3D,TANet,3D-Sampled-Occl-Sens-NEW,3D-Sampled-Occl-Sens,15,A016_P021_G002_C006.mp4,0.031434208154678345,-0.09405893832445145,0.7723704866562009
EtriActivity3D,TANet,LV-LOCO-NEW,LV-LOCO,15,A016_P021_G002_C006.mp4,0.12530681490898132,0.9284912347793579,0.6615001678466796
EtriActivity3D,TANet,LV-Univ-Pred-NEW,LV-Univ-Pred,15,A016_P021_G002_C006.mp4,0.021227827295660973,0.9831231832504272,0.7422338485717773
EtriActivity3D,TANet,SaliencyTubes,SaliencyTubes,15,A016_P021_G002_C006.mp4,0.11992980539798737,0.9887363314628601,0.12115885416666666
EtriActivity3D,TANet,AOSA,AOSA,15,A016_P021_G002_C006.mp4,0.15659970045089722,0.9745904207229614,0.23750398596938777
EtriActivity3D,TANet,GradCAM,GradCAM,15,A016_P021_G002_C006.mp4,0.11292113363742828,0.9456613659858704,0.080859375
EtriActivity3D,TANet,3D-Kernel-SHAP-NEW,3D-Kernel-SHAP,15,A016_P021_G003_C008.mp4,0.06591685116291046,0.9492250084877014,0.7680187225341797
EtriActivity3D,TANet,3D-LIME-NEW,3D-LIME,15,A016_P021_G003_C008.mp4,0.08557453751564026,0.961269736289978,0.6270225524902344
EtriActivity3D,TANet,3D-RISE-NEW,3D-RISE,15,A016_P021_G003_C008.mp4,0.046735718846321106,0.7885828018188477,0.6479591836734694
EtriActivity3D,TANet,3D-Sampled-Occl-Sens-NEW,3D-Sampled-Occl-Sens,15,A016_P021_G003_C008.mp4,0.0012526721693575382,0.06691158562898636,0.0031397174254317113
EtriActivity3D,TANet,LV-LOCO-NEW,LV-LOCO,15,A016_P021_G003_C008.mp4,0.23172394931316376,0.9383465051651001,0.39813804626464844
EtriActivity3D,TANet,LV-Univ-Pred-NEW,LV-Univ-Pred,15,A016_P021_G003_C008.mp4,0.022820496931672096,0.9955467581748962,0.7292678833007813
EtriActivity3D,TANet,SaliencyTubes,SaliencyTubes,15,A016_P021_G003_C008.mp4,0.12341524660587311,0.9957277178764343,0.55703125
EtriActivity3D,TANet,AOSA,AOSA,15,A016_P021_G003_C008.mp4,0.15142688155174255,0.9789901971817017,0.19782864317602042
EtriActivity3D,TANet,GradCAM,GradCAM,15,A016_P021_G003_C008.mp4,0.13826315104961395,0.9093121886253357,0.10436197916666666
EtriActivity3D,TANet,3D-Kernel-SHAP-NEW,3D-Kernel-SHAP,16,A017_P063_G002_C002.mp4,0.06603249907493591,0.9218746423721313,0.7715648651123047
EtriActivity3D,TANet,3D-LIME-NEW,3D-LIME,16,A017_P063_G002_C002.mp4,0.05960257723927498,0.9001692533493042,0.7655988693237304
EtriActivity3D,TANet,3D-RISE-NEW,3D-RISE,16,A017_P063_G002_C002.mp4,0.03479977697134018,0.5593960285186768,0.7091836734693877
EtriActivity3D,TANet,3D-Sampled-Occl-Sens-NEW,3D-Sampled-Occl-Sens,16,A017_P063_G002_C002.mp4,3.438101430219831e-07,0.16300250589847565,0.0031397174254317113
EtriActivity3D,TANet,LV-LOCO-NEW,LV-LOCO,16,A017_P063_G002_C002.mp4,0.301310271024704,0.8555777668952942,0.003457450866699219
EtriActivity3D,TANet,LV-Univ-Pred-NEW,LV-Univ-Pred,16,A017_P063_G002_C002.mp4,0.04907536506652832,0.9568475484848022,0.787251091003418
EtriActivity3D,TANet,SaliencyTubes,SaliencyTubes,16,A017_P063_G002_C002.mp4,0.1568378359079361,0.9878501892089844,0.30325520833333336
EtriActivity3D,TANet,AOSA,AOSA,16,A017_P063_G002_C002.mp4,0.04700276628136635,0.9848040342330933,0.7204191246811225
EtriActivity3D,TANet,GradCAM,GradCAM,16,A017_P063_G002_C002.mp4,0.07402011007070541,0.9052619338035583,0.09602864583333333
EtriActivity3D,TANet,3D-Kernel-SHAP-NEW,3D-Kernel-SHAP,16,A017_P082_G002_C003.mp4,0.15969128906726837,0.9766625761985779,0.6406692504882813
EtriActivity3D,TANet,3D-LIME-NEW,3D-LIME,16,A017_P082_G002_C003.mp4,0.18649400770664215,0.9679696559906006,0.7303871154785156
EtriActivity3D,TANet,3D-RISE-NEW,3D-RISE,16,A017_P082_G002_C003.mp4,0.16901187598705292,0.6080326437950134,0.6785714285714286
EtriActivity3D,TANet,3D-Sampled-Occl-Sens-NEW,3D-Sampled-Occl-Sens,16,A017_P082_G002_C003.mp4,0.08334250748157501,-0.07998664677143097,0.7488226059654631
EtriActivity3D,TANet,LV-LOCO-NEW,LV-LOCO,16,A017_P082_G002_C003.mp4,0.3199254274368286,0.9638134837150574,0.7001743316650391
EtriActivity3D,TANet,LV-Univ-Pred-NEW,LV-Univ-Pred,16,A017_P082_G002_C003.mp4,0.044058285653591156,0.9938910007476807,0.7692996978759765
EtriActivity3D,TANet,SaliencyTubes,SaliencyTubes,16,A017_P082_G002_C003.mp4,0.14854080975055695,0.9852904677391052,0.7412109375
EtriActivity3D,TANet,AOSA,AOSA,16,A017_P082_G002_C003.mp4,0.10364179313182831,0.9912315011024475,0.6639379384566326
EtriActivity3D,TANet,GradCAM,GradCAM,16,A017_P082_G002_C003.mp4,0.28251999616622925,0.8747466802597046,0.0728515625
EtriActivity3D,TANet,3D-Kernel-SHAP-NEW,3D-Kernel-SHAP,17,A018_P015_G002_C002.mp4,0.16766740381717682,0.967308521270752,0.7557044982910156
EtriActivity3D,TANet,3D-LIME-NEW,3D-LIME,17,A018_P015_G002_C002.mp4,0.15446332097053528,0.9285567998886108,0.7588275909423828
EtriActivity3D,TANet,3D-RISE-NEW,3D-RISE,17,A018_P015_G002_C002.mp4,0.1730368733406067,0.019566010683774948,0.7142857142857143
EtriActivity3D,TANet,3D-Sampled-Occl-Sens-NEW,3D-Sampled-Occl-Sens,17,A018_P015_G002_C002.mp4,0.1373671591281891,-0.08403410762548447,0.6813186813186813
EtriActivity3D,TANet,LV-LOCO-NEW,LV-LOCO,17,A018_P015_G002_C002.mp4,0.16921555995941162,0.9006399512290955,0.7350074768066406
EtriActivity3D,TANet,LV-Univ-Pred-NEW,LV-Univ-Pred,17,A018_P015_G002_C002.mp4,0.0994291603565216,0.9697303175926208,0.705655860900879
EtriActivity3D,TANet,SaliencyTubes,SaliencyTubes,17,A018_P015_G002_C002.mp4,0.25093626976013184,0.9583137631416321,0.36451822916666665
EtriActivity3D,TANet,AOSA,AOSA,17,A018_P015_G002_C002.mp4,0.24564038217067719,0.9476279020309448,0.3283078856542617
EtriActivity3D,TANet,GradCAM,GradCAM,17,A018_P015_G002_C002.mp4,0.19200541079044342,0.9106842279434204,0.10455729166666666
EtriActivity3D,TANet,3D-Kernel-SHAP-NEW,3D-Kernel-SHAP,18,A019_P015_G002_C008.mp4,0.21068286895751953,0.9876478910446167,0.6842784881591797
EtriActivity3D,TANet,3D-LIME-NEW,3D-LIME,18,A019_P015_G002_C008.mp4,0.20888067781925201,0.9826395511627197,0.7034059524536133
EtriActivity3D,TANet,3D-RISE-NEW,3D-RISE,18,A019_P015_G002_C008.mp4,0.2150481790304184,0.1747308224439621,0.6989795918367347
EtriActivity3D,TANet,3D-Sampled-Occl-Sens-NEW,3D-Sampled-Occl-Sens,18,A019_P015_G002_C008.mp4,0.07990060746669769,0.012203492224216461,0.08006279434850863
EtriActivity3D,TANet,LV-LOCO-NEW,LV-LOCO,18,A019_P015_G002_C008.mp4,0.26636046171188354,0.974411129951477,0.7211050033569336
EtriActivity3D,TANet,LV-Univ-Pred-NEW,LV-Univ-Pred,18,A019_P015_G002_C008.mp4,0.15630298852920532,0.987338662147522,0.7402055740356446
EtriActivity3D,TANet,SaliencyTubes,SaliencyTubes,18,A019_P015_G002_C008.mp4,0.3679613769054413,0.9581947326660156,0.6041015625
EtriActivity3D,TANet,AOSA,AOSA,18,A019_P015_G002_C008.mp4,0.3342035710811615,0.9660404324531555,0.2831012613378685
EtriActivity3D,TANet,GradCAM,GradCAM,18,A019_P015_G002_C008.mp4,0.7216786742210388,0.906771719455719,0.07799479166666666
EtriActivity3D,TANet,3D-Kernel-SHAP-NEW,3D-Kernel-SHAP,20,A021_P066_G004_C008.mp4,0.47219234704971313,0.9881590008735657,0.09403934478759765
EtriActivity3D,TANet,3D-LIME-NEW,3D-LIME,20,A021_P066_G004_C008.mp4,0.19101685285568237,0.9965029358863831,0.6270977020263672
EtriActivity3D,TANet,3D-RISE-NEW,3D-RISE,20,A021_P066_G004_C008.mp4,0.14159667491912842,0.401113361120224,0.6428571428571429
EtriActivity3D,TANet,3D-Sampled-Occl-Sens-NEW,3D-Sampled-Occl-Sens,20,A021_P066_G004_C008.mp4,0.0002924831642303616,0.4144975244998932,0.0031397174254317113
EtriActivity3D,TANet,LV-LOCO-NEW,LV-LOCO,20,A021_P066_G004_C008.mp4,1.0,0.9804689288139343,0.0038190841674804687
EtriActivity3D,TANet,LV-Univ-Pred-NEW,LV-Univ-Pred,20,A021_P066_G004_C008.mp4,0.17954722046852112,0.9957696199417114,0.7673498153686523
EtriActivity3D,TANet,SaliencyTubes,SaliencyTubes,20,A021_P066_G004_C008.mp4,0.5373333692550659,0.996258020401001,0.10169270833333334
EtriActivity3D,TANet,AOSA,AOSA,20,A021_P066_G004_C008.mp4,0.7646588087081909,0.9913793802261353,0.0602954523155416
EtriActivity3D,TANet,GradCAM,GradCAM,20,A021_P066_G004_C008.mp4,0.0,0.851908802986145,0.09694010416666667
EtriActivity3D,TANet,3D-Kernel-SHAP-NEW,3D-Kernel-SHAP,22,A023_P072_G001_C007.mp4,0.18665283918380737,0.9617326855659485,0.725161361694336
EtriActivity3D,TANet,3D-LIME-NEW,3D-LIME,22,A023_P072_G001_C007.mp4,0.17706193029880524,0.9718786478042603,0.6121513366699218
EtriActivity3D,TANet,3D-RISE-NEW,3D-RISE,22,A023_P072_G001_C007.mp4,0.14986588060855865,0.32201144099235535,0.6683673469387755
EtriActivity3D,TANet,3D-Sampled-Occl-Sens-NEW,3D-Sampled-Occl-Sens,22,A023_P072_G001_C007.mp4,0.0833333358168602,0.406909704208374,0.02040816326530612
EtriActivity3D,TANet,LV-LOCO-NEW,LV-LOCO,22,A023_P072_G001_C007.mp4,0.20696523785591125,0.948722243309021,0.030885887145996094
EtriActivity3D,TANet,LV-Univ-Pred-NEW,LV-Univ-Pred,22,A023_P072_G001_C007.mp4,0.12914790213108063,0.9726752042770386,0.6971158981323242
EtriActivity3D,TANet,SaliencyTubes,SaliencyTubes,22,A023_P072_G001_C007.mp4,0.21264277398586273,0.9818629622459412,0.2146484375
EtriActivity3D,TANet,AOSA,AOSA,22,A023_P072_G001_C007.mp4,0.08761899918317795,0.9221020936965942,0.04270467952806122
EtriActivity3D,TANet,GradCAM,GradCAM,22,A023_P072_G001_C007.mp4,0.43777984380722046,0.8644289374351501,0.043359375
EtriActivity3D,TANet,3D-Kernel-SHAP-NEW,3D-Kernel-SHAP,25,A026_P032_G002_C008.mp4,0.13144150376319885,0.9614201784133911,0.7895380020141601
EtriActivity3D,TANet,3D-LIME-NEW,3D-LIME,25,A026_P032_G002_C008.mp4,0.1851581484079361,0.98197340965271,0.6148622512817383
EtriActivity3D,TANet,3D-RISE-NEW,3D-RISE,25,A026_P032_G002_C008.mp4,0.11177926510572433,0.5350940227508545,0.673469387755102
EtriActivity3D,TANet,3D-Sampled-Occl-Sens-NEW,3D-Sampled-Occl-Sens,25,A026_P032_G002_C008.mp4,0.039769578725099564,-0.0021320616360753775,0.004709576138147566
EtriActivity3D,TANet,LV-LOCO-NEW,LV-LOCO,25,A026_P032_G002_C008.mp4,0.13819536566734314,0.9539474248886108,0.702525520324707
EtriActivity3D,TANet,LV-Univ-Pred-NEW,LV-Univ-Pred,25,A026_P032_G002_C008.mp4,0.040554434061050415,0.9900179505348206,0.7171987533569336
EtriActivity3D,TANet,SaliencyTubes,SaliencyTubes,25,A026_P032_G002_C008.mp4,0.2991771101951599,0.9938912391662598,0.24557291666666667
EtriActivity3D,TANet,AOSA,AOSA,25,A026_P032_G002_C008.mp4,0.4383649528026581,0.9705854654312134,0.15930923150510204
EtriActivity3D,TANet,GradCAM,GradCAM,25,A026_P032_G002_C008.mp4,0.29903122782707214,0.9475971460342407,0.07845052083333333
EtriActivity3D,TANet,3D-Kernel-SHAP-NEW,3D-Kernel-SHAP,26,A027_P004_G001_C006.mp4,0.27131497859954834,0.9660887718200684,0.1321849822998047
EtriActivity3D,TANet,3D-LIME-NEW,3D-LIME,26,A027_P004_G001_C006.mp4,0.132706880569458,0.9702041149139404,0.6373783111572265
EtriActivity3D,TANet,3D-RISE-NEW,3D-RISE,26,A027_P004_G001_C006.mp4,0.08530822396278381,0.23945730924606323,0.6632653061224489
EtriActivity3D,TANet,3D-Sampled-Occl-Sens-NEW,3D-Sampled-Occl-Sens,26,A027_P004_G001_C006.mp4,0.07431282848119736,0.1125851646065712,0.6970172684458399
EtriActivity3D,TANet,LV-LOCO-NEW,LV-LOCO,26,A027_P004_G001_C006.mp4,0.0799848809838295,0.9517467617988586,0.6632158279418945
EtriActivity3D,TANet,LV-Univ-Pred-NEW,LV-Univ-Pred,26,A027_P004_G001_C006.mp4,0.05781733617186546,0.9810300469398499,0.7248891830444336
EtriActivity3D,TANet,SaliencyTubes,SaliencyTubes,26,A027_P004_G001_C006.mp4,0.25376248359680176,0.9880325794219971,0.24231770833333333
EtriActivity3D,TANet,AOSA,AOSA,26,A027_P004_G001_C006.mp4,0.11109970510005951,0.9715253114700317,0.5126155931122449
EtriActivity3D,TANet,GradCAM,GradCAM,26,A027_P004_G001_C006.mp4,0.32194316387176514,0.9439765214920044,0.07890625
EtriActivity3D,TANet,3D-Kernel-SHAP-NEW,3D-Kernel-SHAP,3,A004_P046_G003_C005.mp4,0.14250612258911133,0.990871787071228,0.7949672698974609
EtriActivity3D,TANet,3D-LIME-NEW,3D-LIME,3,A004_P046_G003_C005.mp4,0.19176213443279266,0.9888997077941895,0.6757776260375976
EtriActivity3D,TANet,3D-RISE-NEW,3D-RISE,3,A004_P046_G003_C005.mp4,0.15862369537353516,0.614468514919281,0.6530612244897959
EtriActivity3D,TANet,3D-Sampled-Occl-Sens-NEW,3D-Sampled-Occl-Sens,3,A004_P046_G003_C005.mp4,0.08680376410484314,-0.04721365496516228,0.6671899529042387
EtriActivity3D,TANet,LV-LOCO-NEW,LV-LOCO,3,A004_P046_G003_C005.mp4,0.10463732481002808,0.9828036427497864,0.7022222518920899
EtriActivity3D,TANet,LV-Univ-Pred-NEW,LV-Univ-Pred,3,A004_P046_G003_C005.mp4,0.050457268953323364,0.9820337295532227,0.7581920623779297
EtriActivity3D,TANet,SaliencyTubes,SaliencyTubes,3,A004_P046_G003_C005.mp4,0.1165333241224289,0.9961197376251221,0.7114583333333333
EtriActivity3D,TANet,AOSA,AOSA,3,A004_P046_G003_C005.mp4,0.03763115778565407,0.983909010887146,0.7485550860969388
EtriActivity3D,TANet,GradCAM,GradCAM,3,A004_P046_G003_C005.mp4,0.2969609200954437,0.9797863960266113,0.08014322916666666
EtriActivity3D,TANet,3D-Kernel-SHAP-NEW,3D-Kernel-SHAP,31,A032_P020_G001_C004.mp4,0.6222915053367615,0.9750816226005554,0.032144355773925784
EtriActivity3D,TANet,3D-LIME-NEW,3D-LIME,31,A032_P020_G001_C004.mp4,0.28576168417930603,0.9839156866073608,0.6470817565917969
EtriActivity3D,TANet,3D-RISE-NEW,3D-RISE,31,A032_P020_G001_C004.mp4,0.34257447719573975,0.6480891108512878,0.6479591836734694
EtriActivity3D,TANet,3D-Sampled-Occl-Sens-NEW,3D-Sampled-Occl-Sens,31,A032_P020_G001_C004.mp4,0.24184733629226685,-0.06010879948735237,0.7645211930926217
EtriActivity3D,TANet,LV-LOCO-NEW,LV-LOCO,31,A032_P020_G001_C004.mp4,0.23845896124839783,0.9501973390579224,0.7727712631225586
EtriActivity3D,TANet,LV-Univ-Pred-NEW,LV-Univ-Pred,31,A032_P020_G001_C004.mp4,0.22214774787425995,0.9894065260887146,0.7366548538208008
EtriActivity3D,TANet,SaliencyTubes,SaliencyTubes,31,A032_P020_G001_C004.mp4,0.4953090250492096,0.9970353245735168,0.11061197916666667
EtriActivity3D,TANet,AOSA,AOSA,31,A032_P020_G001_C004.mp4,0.7005388140678406,0.9831488728523254,0.05462272799744898
EtriActivity3D,TANet,GradCAM,GradCAM,31,A032_P020_G001_C004.mp4,0.47074413299560547,0.9667433500289917,0.10221354166666667
EtriActivity3D,TANet,3D-Kernel-SHAP-NEW,3D-Kernel-SHAP,40,A041_P082_G001_C007.mp4,0.21140189468860626,0.9848428964614868,0.6968301773071289
EtriActivity3D,TANet,3D-LIME-NEW,3D-LIME,40,A041_P082_G001_C007.mp4,0.20384477078914642,0.9707968831062317,0.7105026245117188
EtriActivity3D,TANet,3D-RISE-NEW,3D-RISE,40,A041_P082_G001_C007.mp4,0.16506154835224152,0.4537627696990967,0.6632653061224489
EtriActivity3D,TANet,3D-Sampled-Occl-Sens-NEW,3D-Sampled-Occl-Sens,40,A041_P082_G001_C007.mp4,0.11922726035118103,-0.12570765614509583,0.7723704866562009
EtriActivity3D,TANet,LV-LOCO-NEW,LV-LOCO,40,A041_P082_G001_C007.mp4,0.16289563477039337,0.8680456876754761,0.7599903106689453
EtriActivity3D,TANet,LV-Univ-Pred-NEW,LV-Univ-Pred,40,A041_P082_G001_C007.mp4,0.1403350979089737,0.9900606274604797,0.7727573394775391
EtriActivity3D,TANet,SaliencyTubes,SaliencyTubes,40,A041_P082_G001_C007.mp4,0.36107438802719116,0.9882000684738159,0.305859375
EtriActivity3D,TANet,AOSA,AOSA,40,A041_P082_G001_C007.mp4,0.3074486255645752,0.9837808012962341,0.20986128826530612
EtriActivity3D,TANet,GradCAM,GradCAM,40,A041_P082_G001_C007.mp4,0.3322012722492218,0.9556655287742615,0.15013020833333332
EtriActivity3D,TANet,3D-Kernel-SHAP-NEW,3D-Kernel-SHAP,41,A042_P020_G003_C006.mp4,0.21866591274738312,0.9655163884162903,0.719276237487793
EtriActivity3D,TANet,3D-LIME-NEW,3D-LIME,41,A042_P020_G003_C006.mp4,0.2518889307975769,0.9773678183555603,0.6186359405517579
EtriActivity3D,TANet,3D-RISE-NEW,3D-RISE,41,A042_P020_G003_C006.mp4,0.13275961577892303,0.392903596162796,0.6632653061224489
EtriActivity3D,TANet,3D-Sampled-Occl-Sens-NEW,3D-Sampled-Occl-Sens,41,A042_P020_G003_C006.mp4,0.2216602861881256,-0.08121266961097717,0.640502354788069
EtriActivity3D,TANet,LV-LOCO-NEW,LV-LOCO,41,A042_P020_G003_C006.mp4,0.15740680694580078,0.9294849634170532,0.7792440414428711
EtriActivity3D,TANet,LV-Univ-Pred-NEW,LV-Univ-Pred,41,A042_P020_G003_C006.mp4,0.22840972244739532,0.978756308555603,0.7389152526855469
EtriActivity3D,TANet,SaliencyTubes,SaliencyTubes,41,A042_P020_G003_C006.mp4,0.611487627029419,0.9967480897903442,0.16184895833333332
EtriActivity3D,TANet,AOSA,AOSA,41,A042_P020_G003_C006.mp4,0.5179789662361145,0.9701344966888428,0.22578523596938777
EtriActivity3D,TANet,GradCAM,GradCAM,41,A042_P020_G003_C006.mp4,0.6945460438728333,0.9972289204597473,0.08248697916666667
EtriActivity3D,TANet,3D-Kernel-SHAP-NEW,3D-Kernel-SHAP,41,A042_P022_G003_C001.mp4,0.5984256267547607,0.9730603098869324,0.05691089630126953
EtriActivity3D,TANet,3D-LIME-NEW,3D-LIME,41,A042_P022_G003_C001.mp4,0.17860007286071777,0.9811049699783325,0.6336135864257812
EtriActivity3D,TANet,3D-RISE-NEW,3D-RISE,41,A042_P022_G003_C001.mp4,0.10905931144952774,0.5954732298851013,0.6224489795918368
EtriActivity3D,TANet,3D-Sampled-Occl-Sens-NEW,3D-Sampled-Occl-Sens,41,A042_P022_G003_C001.mp4,0.05556042119860649,0.047296348959207535,0.717425431711146
EtriActivity3D,TANet,LV-LOCO-NEW,LV-LOCO,41,A042_P022_G003_C001.mp4,0.11268310993909836,0.9387627840042114,0.7376415252685546
EtriActivity3D,TANet,LV-Univ-Pred-NEW,LV-Univ-Pred,41,A042_P022_G003_C001.mp4,0.18002700805664062,0.9882015585899353,0.6803548812866211
EtriActivity3D,TANet,SaliencyTubes,SaliencyTubes,41,A042_P022_G003_C001.mp4,0.7071908116340637,0.9944993257522583,0.112109375
EtriActivity3D,TANet,AOSA,AOSA,41,A042_P022_G003_C001.mp4,0.18938125669956207,0.9842579364776611,0.6834691884566326
EtriActivity3D,TANet,GradCAM,GradCAM,41,A042_P022_G003_C001.mp4,0.7296974658966064,0.9924688339233398,0.09993489583333333
EtriActivity3D,TANet,3D-Kernel-SHAP-NEW,3D-Kernel-SHAP,42,A043_P015_G003_C002.mp4,0.6738942265510559,0.9631637334823608,0.07023906707763672
EtriActivity3D,TANet,3D-LIME-NEW,3D-LIME,42,A043_P015_G003_C002.mp4,0.2121482491493225,0.9644359946250916,0.6080406188964844
EtriActivity3D,TANet,3D-RISE-NEW,3D-RISE,42,A043_P015_G003_C002.mp4,0.1164974719285965,0.617093026638031,0.6530612244897959
EtriActivity3D,TANet,3D-Sampled-Occl-Sens-NEW,3D-Sampled-Occl-Sens,42,A043_P015_G003_C002.mp4,0.009362814947962761,-0.005016862414777279,0.007849293563579277
EtriActivity3D,TANet,LV-LOCO-NEW,LV-LOCO,42,A043_P015_G003_C002.mp4,0.1685071438550949,0.9221352934837341,0.7272686004638672
EtriActivity3D,TANet,LV-Univ-Pred-NEW,LV-Univ-Pred,42,A043_P015_G003_C002.mp4,0.12224523723125458,0.9333817958831787,0.7808582305908203
EtriActivity3D,TANet,SaliencyTubes,SaliencyTubes,42,A043_P015_G003_C002.mp4,0.40459635853767395,0.9973005056381226,0.08203125
EtriActivity3D,TANet,AOSA,AOSA,42,A043_P015_G003_C002.mp4,0.5098798871040344,0.976291835308075,0.14263392857142856
EtriActivity3D,TANet,GradCAM,GradCAM,42,A043_P015_G003_C002.mp4,0.09563291072845459,0.8866609334945679,0.08170572916666667
EtriActivity3D,TANet,3D-Kernel-SHAP-NEW,3D-Kernel-SHAP,42,A043_P082_G002_C006.mp4,0.17985504865646362,0.9690772891044617,0.8045459747314453
EtriActivity3D,TANet,3D-LIME-NEW,3D-LIME,42,A043_P082_G002_C006.mp4,0.18403244018554688,0.9807496070861816,0.730992317199707
EtriActivity3D,TANet,3D-RISE-NEW,3D-RISE,42,A043_P082_G002_C006.mp4,0.19506210088729858,0.5605241656303406,0.5969387755102041
EtriActivity3D,TANet,3D-Sampled-Occl-Sens-NEW,3D-Sampled-Occl-Sens,42,A043_P082_G002_C006.mp4,0.08759969472885132,-0.10684297233819962,0.7660910518053375
EtriActivity3D,TANet,LV-LOCO-NEW,LV-LOCO,42,A043_P082_G002_C006.mp4,0.18741628527641296,0.9689905643463135,0.7067182540893555
EtriActivity3D,TANet,LV-Univ-Pred-NEW,LV-Univ-Pred,42,A043_P082_G002_C006.mp4,0.1631738692522049,0.9914420247077942,0.7338760375976563
EtriActivity3D,TANet,SaliencyTubes,SaliencyTubes,42,A043_P082_G002_C006.mp4,0.48763540387153625,0.9850981831550598,0.18782552083333334
EtriActivity3D,TANet,AOSA,AOSA,42,A043_P082_G002_C006.mp4,0.1352730691432953,0.9876458644866943,0.7174894371811225
EtriActivity3D,TANet,GradCAM,GradCAM,42,A043_P082_G002_C006.mp4,0.5143284797668457,0.9492366909980774,0.08958333333333333
EtriActivity3D,TANet,3D-Kernel-SHAP-NEW,3D-Kernel-SHAP,43,A044_P016_G001_C008.mp4,0.20395925641059875,0.9919549226760864,0.8239524841308594
EtriActivity3D,TANet,3D-LIME-NEW,3D-LIME,43,A044_P016_G001_C008.mp4,0.20372538268566132,0.9935176968574524,0.6315542221069336
EtriActivity3D,TANet,3D-RISE-NEW,3D-RISE,43,A044_P016_G001_C008.mp4,0.1382894068956375,0.310435026884079,0.6836734693877551
EtriActivity3D,TANet,3D-Sampled-Occl-Sens-NEW,3D-Sampled-Occl-Sens,43,A044_P016_G001_C008.mp4,0.10282722860574722,0.0041394610889256,0.640502354788069
EtriActivity3D,TANet,LV-LOCO-NEW,LV-LOCO,43,A044_P016_G001_C008.mp4,0.19923870265483856,0.988199770450592,0.733034896850586
EtriActivity3D,TANet,LV-Univ-Pred-NEW,LV-Univ-Pred,43,A044_P016_G001_C008.mp4,0.2527361810207367,0.9963011145591736,0.69283447265625
EtriActivity3D,TANet,SaliencyTubes,SaliencyTubes,43,A044_P016_G001_C008.mp4,0.4949994385242462,0.9656126499176025,0.2400390625
EtriActivity3D,TANet,AOSA,AOSA,43,A044_P016_G001_C008.mp4,0.31985950469970703,0.968198299407959,0.17691326530612245
EtriActivity3D,TANet,GradCAM,GradCAM,43,A044_P016_G001_C008.mp4,0.6040446162223816,0.9761293530464172,0.13365885416666667
EtriActivity3D,TANet,3D-Kernel-SHAP-NEW,3D-Kernel-SHAP,46,A047_P021_G002_C001.mp4,0.6970047354698181,0.984139621257782,0.11851692199707031
EtriActivity3D,TANet,3D-LIME-NEW,3D-LIME,46,A047_P021_G002_C001.mp4,0.2863406836986542,0.9824965000152588,0.7028823852539062
EtriActivity3D,TANet,3D-RISE-NEW,3D-RISE,46,A047_P021_G002_C001.mp4,0.2645701467990875,0.263393372297287,0.6683673469387755
EtriActivity3D,TANet,3D-Sampled-Occl-Sens-NEW,3D-Sampled-Occl-Sens,46,A047_P021_G002_C001.mp4,0.20440098643302917,-0.0724431499838829,0.706436420722135
EtriActivity3D,TANet,LV-LOCO-NEW,LV-LOCO,46,A047_P021_G002_C001.mp4,0.329352468252182,0.9753490686416626,0.7500619888305664
EtriActivity3D,TANet,LV-Univ-Pred-NEW,LV-Univ-Pred,46,A047_P021_G002_C001.mp4,0.30783623456954956,0.9861009120941162,0.7510242462158203
EtriActivity3D,TANet,SaliencyTubes,SaliencyTubes,46,A047_P021_G002_C001.mp4,0.7386141419410706,0.9841830730438232,0.1357421875
EtriActivity3D,TANet,AOSA,AOSA,46,A047_P021_G002_C001.mp4,0.511198103427887,0.9433701634407043,0.2866061463647959
EtriActivity3D,TANet,GradCAM,GradCAM,46,A047_P021_G002_C001.mp4,0.7404317855834961,0.9664573073387146,0.11484375
EtriActivity3D,TANet,3D-Kernel-SHAP-NEW,3D-Kernel-SHAP,46,A047_P096_G001_C004.mp4,0.2972954511642456,0.989139199256897,0.7102451324462891
EtriActivity3D,TANet,3D-LIME-NEW,3D-LIME,46,A047_P096_G001_C004.mp4,0.26886263489723206,0.9915192723274231,0.6041168212890625
EtriActivity3D,TANet,3D-RISE-NEW,3D-RISE,46,A047_P096_G001_C004.mp4,0.20767810940742493,0.3254416286945343,0.6632653061224489
EtriActivity3D,TANet,3D-Sampled-Occl-Sens-NEW,3D-Sampled-Occl-Sens,46,A047_P096_G001_C004.mp4,0.2046431601047516,0.06483251601457596,0.6248037676609105
EtriActivity3D,TANet,LV-LOCO-NEW,LV-LOCO,46,A047_P096_G001_C004.mp4,0.4512217342853546,0.9816329479217529,0.7120273590087891
EtriActivity3D,TANet,LV-Univ-Pred-NEW,LV-Univ-Pred,46,A047_P096_G001_C004.mp4,0.2760646939277649,0.995598316192627,0.7794660568237305
EtriActivity3D,TANet,SaliencyTubes,SaliencyTubes,46,A047_P096_G001_C004.mp4,0.7616269588470459,0.9941487908363342,0.13157552083333332
EtriActivity3D,TANet,AOSA,AOSA,46,A047_P096_G001_C004.mp4,0.33231648802757263,0.958005964756012,0.6841468032525511
EtriActivity3D,TANet,GradCAM,GradCAM,46,A047_P096_G001_C004.mp4,0.802203893661499,0.9942297339439392,0.10084635416666667
EtriActivity3D,TANet,3D-Kernel-SHAP-NEW,3D-Kernel-SHAP,47,A048_P035_G001_C003.mp4,0.03854373097419739,0.9703095555305481,0.6843389511108399
EtriActivity3D,TANet,3D-LIME-NEW,3D-LIME,47,A048_P035_G001_C003.mp4,0.048906777054071426,0.9534323215484619,0.6673858642578125
EtriActivity3D,TANet,3D-RISE-NEW,3D-RISE,47,A048_P035_G001_C003.mp4,0.07072965800762177,0.6704235672950745,0.6479591836734694
EtriActivity3D,TANet,3D-Sampled-Occl-Sens-NEW,3D-Sampled-Occl-Sens,47,A048_P035_G001_C003.mp4,0.02588164620101452,-0.010799686424434185,0.5384615384615384
EtriActivity3D,TANet,LV-LOCO-NEW,LV-LOCO,47,A048_P035_G001_C003.mp4,0.038787614554166794,0.9653072357177734,0.6800588607788086
EtriActivity3D,TANet,LV-Univ-Pred-NEW,LV-Univ-Pred,47,A048_P035_G001_C003.mp4,0.021632418036460876,0.9695332050323486,0.699863052368164
EtriActivity3D,TANet,SaliencyTubes,SaliencyTubes,47,A048_P035_G001_C003.mp4,0.10388403385877609,0.9943397045135498,0.15052083333333333
EtriActivity3D,TANet,AOSA,AOSA,47,A048_P035_G001_C003.mp4,0.10556863993406296,0.9606449007987976,0.11875697544642858
EtriActivity3D,TANet,GradCAM,GradCAM,47,A048_P035_G001_C003.mp4,0.11421400308609009,0.987678050994873,0.1009765625
EtriActivity3D,TANet,3D-Kernel-SHAP-NEW,3D-Kernel-SHAP,50,A051_P082_G001_C006.mp4,0.2991164028644562,0.9808693528175354,0.6874603271484375
EtriActivity3D,TANet,3D-LIME-NEW,3D-LIME,50,A051_P082_G001_C006.mp4,0.2966291010379791,0.9832279086112976,0.71558837890625
EtriActivity3D,TANet,3D-RISE-NEW,3D-RISE,50,A051_P082_G001_C006.mp4,0.16575774550437927,0.5787022709846497,0.6989795918367347
EtriActivity3D,TANet,3D-Sampled-Occl-Sens-NEW,3D-Sampled-Occl-Sens,50,A051_P082_G001_C006.mp4,0.16020476818084717,0.022839447483420372,0.6342229199372057
EtriActivity3D,TANet,LV-LOCO-NEW,LV-LOCO,50,A051_P082_G001_C006.mp4,0.29309937357902527,0.9854761362075806,0.7190471649169922
EtriActivity3D,TANet,LV-Univ-Pred-NEW,LV-Univ-Pred,50,A051_P082_G001_C006.mp4,0.261822372674942,0.9856500029563904,0.7306938171386719
EtriActivity3D,TANet,SaliencyTubes,SaliencyTubes,50,A051_P082_G001_C006.mp4,0.3916461169719696,0.9810090065002441,0.33209635416666666
EtriActivity3D,TANet,AOSA,AOSA,50,A051_P082_G001_C006.mp4,0.22951100766658783,0.9968364238739014,0.7189692283163265
EtriActivity3D,TANet,GradCAM,GradCAM,50,A051_P082_G001_C006.mp4,0.4784071445465088,0.958739697933197,0.090625
EtriActivity3D,TANet,3D-Kernel-SHAP-NEW,3D-Kernel-SHAP,54,A055_P035_G001_C006.mp4,0.026914682239294052,0.9855844974517822,0.7022668838500976
EtriActivity3D,TANet,3D-LIME-NEW,3D-LIME,54,A055_P035_G001_C006.mp4,0.027696361765265465,0.9903072714805603,0.6810819625854492
EtriActivity3D,TANet,3D-RISE-NEW,3D-RISE,54,A055_P035_G001_C006.mp4,0.031165247783064842,0.07614903897047043,0.6479591836734694
EtriActivity3D,TANet,3D-Sampled-Occl-Sens-NEW,3D-Sampled-Occl-Sens,54,A055_P035_G001_C006.mp4,0.0,0.8333333134651184,0.0015698587127158557
EtriActivity3D,TANet,LV-LOCO-NEW,LV-LOCO,54,A055_P035_G001_C006.mp4,0.10089872777462006,0.9707115292549133,0.0069610595703125
EtriActivity3D,TANet,LV-Univ-Pred-NEW,LV-Univ-Pred,54,A055_P035_G001_C006.mp4,0.017468351870775223,0.9884917736053467,0.7634632110595703
EtriActivity3D,TANet,SaliencyTubes,SaliencyTubes,54,A055_P035_G001_C006.mp4,0.024416683241724968,0.9224985837936401,0.6892578125
EtriActivity3D,TANet,AOSA,AOSA,54,A055_P035_G001_C006.mp4,0.21441631019115448,0.9588323831558228,0.03258178271308523
EtriActivity3D,TANet,GradCAM,GradCAM,54,A055_P035_G001_C006.mp4,0.006361767183989286,0.7454085946083069,0.13372395833333334
EtriActivity3D,TANet,3D-Kernel-SHAP-NEW,3D-Kernel-SHAP,7,A008_P072_G002_C002.mp4,0.19163185358047485,0.9936274290084839,0.7237255096435546
EtriActivity3D,TANet,3D-LIME-NEW,3D-LIME,7,A008_P072_G002_C002.mp4,0.23493535816669464,0.9941449761390686,0.6969881057739258
EtriActivity3D,TANet,3D-RISE-NEW,3D-RISE,7,A008_P072_G002_C002.mp4,0.11751075088977814,0.6127764582633972,0.6071428571428571
EtriActivity3D,TANet,3D-Sampled-Occl-Sens-NEW,3D-Sampled-Occl-Sens,7,A008_P072_G002_C002.mp4,0.04496938735246658,0.04128089174628258,0.24646781789638933
EtriActivity3D,TANet,LV-LOCO-NEW,LV-LOCO,7,A008_P072_G002_C002.mp4,0.17495736479759216,0.9861278533935547,0.7587734222412109
EtriActivity3D,TANet,LV-Univ-Pred-NEW,LV-Univ-Pred,7,A008_P072_G002_C002.mp4,0.12977708876132965,0.9915165901184082,0.7159351348876953
EtriActivity3D,TANet,SaliencyTubes,SaliencyTubes,7,A008_P072_G002_C002.mp4,0.22194959223270416,0.9877545237541199,0.15240885416666666
EtriActivity3D,TANet,AOSA,AOSA,7,A008_P072_G002_C002.mp4,0.20780520141124725,0.9867057800292969,0.7030687274909964
EtriActivity3D,TANet,GradCAM,GradCAM,7,A008_P072_G002_C002.mp4,0.24789921939373016,0.9847796559333801,0.0890625
Kinetics400,TANet,3D-Kernel-SHAP-NEW,3D-Kernel-SHAP,101,--6bJUbfpnQ_000017_000027.mp4,0.744108259677887,0.907429575920105,0.6966512680053711
Kinetics400,TANet,3D-LIME-NEW,3D-LIME,101,--6bJUbfpnQ_000017_000027.mp4,0.7573224902153015,0.8949462175369263,0.611882209777832
Kinetics400,TANet,3D-RISE-NEW,3D-RISE,101,--6bJUbfpnQ_000017_000027.mp4,0.5387856960296631,0.33313536643981934,0.6377551020408163
Kinetics400,TANet,3D-Sampled-Occl-Sens-NEW,3D-Sampled-Occl-Sens,101,--6bJUbfpnQ_000017_000027.mp4,0.5596500635147095,-0.06252869218587875,0.7613814756671899
Kinetics400,TANet,LV-LOCO-NEW,LV-LOCO,101,--6bJUbfpnQ_000017_000027.mp4,0.7295550107955933,0.8973684310913086,0.7164661407470703
Kinetics400,TANet,LV-Univ-Pred-NEW,LV-Univ-Pred,101,--6bJUbfpnQ_000017_000027.mp4,0.6622248888015747,0.9105876684188843,0.6234514236450195
Kinetics400,TANet,SaliencyTubes,SaliencyTubes,101,--6bJUbfpnQ_000017_000027.mp4,0.8300807476043701,0.9598428010940552,0.36640625
Kinetics400,TANet,AOSA,AOSA,101,--6bJUbfpnQ_000017_000027.mp4,0.6459073424339294,0.8359153270721436,0.7250478316326531
Kinetics400,TANet,GradCAM,GradCAM,101,--6bJUbfpnQ_000017_000027.mp4,0.7925820350646973,0.9203250408172607,0.1775390625
Kinetics400,TANet,3D-Kernel-SHAP-NEW,3D-Kernel-SHAP,135,Y8BCvE5Ai1o_000002_000012.mp4,0.019156165421009064,0.9124186038970947,0.7619541168212891
Kinetics400,TANet,3D-LIME-NEW,3D-LIME,135,Y8BCvE5Ai1o_000002_000012.mp4,0.0192389115691185,0.9460378885269165,0.7147562026977539
Kinetics400,TANet,3D-RISE-NEW,3D-RISE,135,Y8BCvE5Ai1o_000002_000012.mp4,0.04416145756840706,0.6992968916893005,0.7346938775510204
Kinetics400,TANet,3D-Sampled-Occl-Sens-NEW,3D-Sampled-Occl-Sens,135,Y8BCvE5Ai1o_000002_000012.mp4,0.012597042135894299,-0.05268216133117676,0.7048665620094191
Kinetics400,TANet,LV-LOCO-NEW,LV-LOCO,135,Y8BCvE5Ai1o_000002_000012.mp4,0.016334984451532364,0.9181494116783142,0.7059701919555664
Kinetics400,TANet,LV-Univ-Pred-NEW,LV-Univ-Pred,135,Y8BCvE5Ai1o_000002_000012.mp4,0.018830789253115654,0.9156535863876343,0.7331027984619141
Kinetics400,TANet,SaliencyTubes,SaliencyTubes,135,Y8BCvE5Ai1o_000002_000012.mp4,0.003931894898414612,0.9307769536972046,0.3065104166666667
Kinetics400,TANet,AOSA,AOSA,135,Y8BCvE5Ai1o_000002_000012.mp4,0.021929530426859856,0.8921904563903809,0.7466305272108843
Kinetics400,TANet,GradCAM,GradCAM,135,Y8BCvE5Ai1o_000002_000012.mp4,0.0028320220299065113,0.9247327446937561,0.2095703125
Kinetics400,TANet,3D-Kernel-SHAP-NEW,3D-Kernel-SHAP,147,Cc5R3Ey3MQw_000004_000014.mp4,0.080483078956604,0.8933312892913818,0.17562541961669922
Kinetics400,TANet,3D-LIME-NEW,3D-LIME,147,Cc5R3Ey3MQw_000004_000014.mp4,0.07017110288143158,0.9204473495483398,0.701106071472168
Kinetics400,TANet,3D-RISE-NEW,3D-RISE,147,Cc5R3Ey3MQw_000004_000014.mp4,0.13712668418884277,0.3499945104122162,0.7142857142857143
Kinetics400,TANet,3D-Sampled-Occl-Sens-NEW,3D-Sampled-Occl-Sens,147,Cc5R3Ey3MQw_000004_000014.mp4,0.07849437743425369,0.014535387046635151,0.7252747252747253
Kinetics400,TANet,LV-LOCO-NEW,LV-LOCO,147,Cc5R3Ey3MQw_000004_000014.mp4,0.06453035026788712,0.8962688446044922,0.6841201782226562
Kinetics400,TANet,LV-Univ-Pred-NEW,LV-Univ-Pred,147,Cc5R3Ey3MQw_000004_000014.mp4,0.07329553365707397,0.9266228079795837,0.7334243774414062
Kinetics400,TANet,SaliencyTubes,SaliencyTubes,147,Cc5R3Ey3MQw_000004_000014.mp4,0.08219701051712036,0.9700032472610474,0.30052083333333335
Kinetics400,TANet,AOSA,AOSA,147,Cc5R3Ey3MQw_000004_000014.mp4,0.058071114122867584,0.8702779412269592,0.46742964764030615
Kinetics400,TANet,GradCAM,GradCAM,147,Cc5R3Ey3MQw_000004_000014.mp4,0.0556732602417469,0.9596902132034302,0.15110677083333332
Kinetics400,TANet,3D-Kernel-SHAP-NEW,3D-Kernel-SHAP,15,T6seaVGSuEY_000048_000058.mp4,0.16864724457263947,0.9315361380577087,0.6800621032714844
Kinetics400,TANet,3D-LIME-NEW,3D-LIME,15,T6seaVGSuEY_000048_000058.mp4,0.21740952134132385,0.9294052124023438,0.6252384185791016
Kinetics400,TANet,3D-RISE-NEW,3D-RISE,15,T6seaVGSuEY_000048_000058.mp4,0.20479896664619446,0.6467846632003784,0.5663265306122449
Kinetics400,TANet,3D-Sampled-Occl-Sens-NEW,3D-Sampled-Occl-Sens,15,T6seaVGSuEY_000048_000058.mp4,0.16600792109966278,-0.05816904827952385,0.7299843014128728
Kinetics400,TANet,LV-LOCO-NEW,LV-LOCO,15,T6seaVGSuEY_000048_000058.mp4,0.17924369871616364,0.8812171816825867,0.7099323272705078
Kinetics400,TANet,LV-Univ-Pred-NEW,LV-Univ-Pred,15,T6seaVGSuEY_000048_000058.mp4,0.14528705179691315,0.9166937470436096,0.6618524551391601
Kinetics400,TANet,SaliencyTubes,SaliencyTubes,15,T6seaVGSuEY_000048_000058.mp4,0.3243773877620697,0.9918768405914307,0.28782552083333335
Kinetics400,TANet,AOSA,AOSA,15,T6seaVGSuEY_000048_000058.mp4,0.48470091819763184,0.8808914422988892,0.14713541666666666
Kinetics400,TANet,GradCAM,GradCAM,15,T6seaVGSuEY_000048_000058.mp4,0.29699259996414185,0.9213742017745972,0.1517578125
Kinetics400,TANet,3D-Kernel-SHAP-NEW,3D-Kernel-SHAP,155,JYItC7ahu_s_000215_000225.mp4,0.5937192440032959,0.9183427691459656,0.700489616394043
Kinetics400,TANet,3D-LIME-NEW,3D-LIME,155,JYItC7ahu_s_000215_000225.mp4,0.6208636164665222,0.9394621253013611,0.5772220611572265
Kinetics400,TANet,3D-RISE-NEW,3D-RISE,155,JYItC7ahu_s_000215_000225.mp4,0.4307684302330017,0.32820820808410645,0.6989795918367347
Kinetics400,TANet,3D-Sampled-Occl-Sens-NEW,3D-Sampled-Occl-Sens,155,JYItC7ahu_s_000215_000225.mp4,0.40369752049446106,0.49013552069664,0.7786499215070644
Kinetics400,TANet,LV-LOCO-NEW,LV-LOCO,155,JYItC7ahu_s_000215_000225.mp4,0.5810413360595703,0.8871087431907654,0.7718132019042969
Kinetics400,TANet,LV-Univ-Pred-NEW,LV-Univ-Pred,155,JYItC7ahu_s_000215_000225.mp4,0.5746642351150513,0.9364479184150696,0.6496206283569336
Kinetics400,TANet,SaliencyTubes,SaliencyTubes,155,JYItC7ahu_s_000215_000225.mp4,0.5756505727767944,0.9756972789764404,0.293359375
Kinetics400,TANet,AOSA,AOSA,155,JYItC7ahu_s_000215_000225.mp4,0.7090499401092529,0.8817238211631775,0.14033801020408163
Kinetics400,TANet,GradCAM,GradCAM,155,JYItC7ahu_s_000215_000225.mp4,0.525067150592804,0.8337455987930298,0.09303385416666667
Kinetics400,TANet,3D-Kernel-SHAP-NEW,3D-Kernel-SHAP,165,DJSqNV9m-2A_000019_000029.mp4,0.4666370451450348,0.8730915784835815,0.648823356628418
Kinetics400,TANet,3D-LIME-NEW,3D-LIME,165,DJSqNV9m-2A_000019_000029.mp4,0.4675885736942291,0.8802175521850586,0.5704948425292968
Kinetics400,TANet,3D-RISE-NEW,3D-RISE,165,DJSqNV9m-2A_000019_000029.mp4,0.6998204588890076,0.13844606280326843,0.6581632653061225
Kinetics400,TANet,3D-Sampled-Occl-Sens-NEW,3D-Sampled-Occl-Sens,165,DJSqNV9m-2A_000019_000029.mp4,0.5757469534873962,-0.011440935544669628,0.7080062794348508
Kinetics400,TANet,LV-LOCO-NEW,LV-LOCO,165,DJSqNV9m-2A_000019_000029.mp4,0.45743823051452637,0.9232016205787659,0.6776239395141601
Kinetics400,TANet,LV-Univ-Pred-NEW,LV-Univ-Pred,165,DJSqNV9m-2A_000019_000029.mp4,0.516909658908844,0.8821258544921875,0.581660270690918
Kinetics400,TANet,SaliencyTubes,SaliencyTubes,165,DJSqNV9m-2A_000019_000029.mp4,0.42627015709877014,0.9262800216674805,0.3922526041666667
Kinetics400,TANet,AOSA,AOSA,165,DJSqNV9m-2A_000019_000029.mp4,0.5763543844223022,0.7228990197181702,0.13415278220663265
Kinetics400,TANet,GradCAM,GradCAM,165,DJSqNV9m-2A_000019_000029.mp4,0.414394348859787,0.9077199697494507,0.3142578125
Kinetics400,TANet,3D-Kernel-SHAP-NEW,3D-Kernel-SHAP,176,6mvqsdJcazA_000018_000028.mp4,0.7335992455482483,0.8845344185829163,0.3122226715087891
Kinetics400,TANet,3D-LIME-NEW,3D-LIME,176,6mvqsdJcazA_000018_000028.mp4,0.693631112575531,0.9058945775032043,0.6423023223876954
Kinetics400,TANet,3D-RISE-NEW,3D-RISE,176,6mvqsdJcazA_000018_000028.mp4,0.4908539652824402,0.405318021774292,0.6632653061224489
Kinetics400,TANet,3D-Sampled-Occl-Sens-NEW,3D-Sampled-Occl-Sens,176,6mvqsdJcazA_000018_000028.mp4,0.45795631408691406,-0.16955167055130005,0.7378335949764521
Kinetics400,TANet,LV-LOCO-NEW,LV-LOCO,176,6mvqsdJcazA_000018_000028.mp4,0.6673780679702759,0.9132206439971924,0.753913688659668
Kinetics400,TANet,LV-Univ-Pred-NEW,LV-Univ-Pred,176,6mvqsdJcazA_000018_000028.mp4,0.6658349633216858,0.9277257919311523,0.7644563674926758
Kinetics400,TANet,SaliencyTubes,SaliencyTubes,176,6mvqsdJcazA_000018_000028.mp4,0.9351771473884583,0.9963241815567017,0.19928385416666666
Kinetics400,TANet,AOSA,AOSA,176,6mvqsdJcazA_000018_000028.mp4,0.94166100025177,0.9264456033706665,0.10650510204081633
Kinetics400,TANet,GradCAM,GradCAM,176,6mvqsdJcazA_000018_000028.mp4,0.9155007004737854,0.9932939410209656,0.21282552083333334
Kinetics400,TANet,3D-Kernel-SHAP-NEW,3D-Kernel-SHAP,177,S5C0fUV6yEo_000003_000013.mp4,0.003025083104148507,0.9260339140892029,0.67420654296875
Kinetics400,TANet,3D-LIME-NEW,3D-LIME,177,S5C0fUV6yEo_000003_000013.mp4,0.005357266869395971,0.9239782094955444,0.6760656356811523
Kinetics400,TANet,3D-RISE-NEW,3D-RISE,177,S5C0fUV6yEo_000003_000013.mp4,0.0,0.33974793553352356,0.6428571428571429
Kinetics400,TANet,3D-Sampled-Occl-Sens-NEW,3D-Sampled-Occl-Sens,177,S5C0fUV6yEo_000003_000013.mp4,0.0,-0.022831017151474953,0.7394034536891679
Kinetics400,TANet,LV-LOCO-NEW,LV-LOCO,177,S5C0fUV6yEo_000003_000013.mp4,0.002362783532589674,0.867824912071228,0.7276712417602539
Kinetics400,TANet,LV-Univ-Pred-NEW,LV-Univ-Pred,177,S5C0fUV6yEo_000003_000013.mp4,0.0009360805270262063,0.9484269618988037,0.6735904693603516
Kinetics400,TANet,SaliencyTubes,SaliencyTubes,177,S5C0fUV6yEo_000003_000013.mp4,0.0055520967580378056,0.9741131663322449,0.27486979166666664
Kinetics400,TANet,AOSA,AOSA,177,S5C0fUV6yEo_000003_000013.mp4,0.0012842727592214942,0.9095345139503479,0.38059530452806123
Kinetics400,TANet,GradCAM,GradCAM,177,S5C0fUV6yEo_000003_000013.mp4,0.00782753899693489,0.9374450445175171,0.13697916666666668
Kinetics400,TANet,3D-Kernel-SHAP-NEW,3D-Kernel-SHAP,183,OVcjZPMeDDc_000001_000011.mp4,0.20939543843269348,0.9611078500747681,0.6806886672973633
Kinetics400,TANet,3D-LIME-NEW,3D-LIME,183,OVcjZPMeDDc_000001_000011.mp4,0.33414390683174133,0.9648721218109131,0.5951427459716797
Kinetics400,TANet,3D-RISE-NEW,3D-RISE,183,OVcjZPMeDDc_000001_000011.mp4,0.16115766763687134,0.5793648362159729,0.6479591836734694
Kinetics400,TANet,3D-Sampled-Occl-Sens-NEW,3D-Sampled-Occl-Sens,183,OVcjZPMeDDc_000001_000011.mp4,0.10985337942838669,-0.05743524804711342,0.7708006279434851
Kinetics400,TANet,LV-LOCO-NEW,LV-LOCO,183,OVcjZPMeDDc_000001_000011.mp4,0.1832287609577179,0.9452027678489685,0.761749267578125
Kinetics400,TANet,LV-Univ-Pred-NEW,LV-Univ-Pred,183,OVcjZPMeDDc_000001_000011.mp4,0.19360345602035522,0.9245225191116333,0.7617710113525391
Kinetics400,TANet,SaliencyTubes,SaliencyTubes,183,OVcjZPMeDDc_000001_000011.mp4,0.39237096905708313,0.9803197383880615,0.47434895833333335
Kinetics400,TANet,AOSA,AOSA,183,OVcjZPMeDDc_000001_000011.mp4,0.2156749963760376,0.9456945061683655,0.6938084608843538
Kinetics400,TANet,GradCAM,GradCAM,183,OVcjZPMeDDc_000001_000011.mp4,0.38298478722572327,0.9480862617492676,0.1265625
Kinetics400,TANet,3D-Kernel-SHAP-NEW,3D-Kernel-SHAP,213,fcD17GSzCI8_000001_000011.mp4,0.12327074259519577,0.8904379606246948,0.6467416763305665
Kinetics400,TANet,3D-LIME-NEW,3D-LIME,213,fcD17GSzCI8_000001_000011.mp4,0.12725605070590973,0.9276143312454224,0.6644906997680664
Kinetics400,TANet,3D-RISE-NEW,3D-RISE,213,fcD17GSzCI8_000001_000011.mp4,0.1916377991437912,0.6453239917755127,0.6173469387755102
Kinetics400,TANet,3D-Sampled-Occl-Sens-NEW,3D-Sampled-Occl-Sens,213,fcD17GSzCI8_000001_000011.mp4,0.10888412594795227,0.029567776247859,0.7441130298273155
Kinetics400,TANet,LV-LOCO-NEW,LV-LOCO,213,fcD17GSzCI8_000001_000011.mp4,0.12776051461696625,0.8607353568077087,0.7452817916870117
Kinetics400,TANet,LV-Univ-Pred-NEW,LV-Univ-Pred,213,fcD17GSzCI8_000001_000011.mp4,0.13943062722682953,0.8886948823928833,0.6750856399536133
Kinetics400,TANet,SaliencyTubes,SaliencyTubes,213,fcD17GSzCI8_000001_000011.mp4,0.1440848410129547,0.9824239015579224,0.26165364583333334
Kinetics400,TANet,AOSA,AOSA,213,fcD17GSzCI8_000001_000011.mp4,0.12250486761331558,0.8991383910179138,0.727923044217687
Kinetics400,TANet,GradCAM,GradCAM,213,fcD17GSzCI8_000001_000011.mp4,0.11350452899932861,0.9814542531967163,0.1900390625
Kinetics400,TANet,3D-Kernel-SHAP-NEW,3D-Kernel-SHAP,214,mY0Zh6IYpgA_000045_000055.mp4,0.40660643577575684,0.8989107012748718,0.678691291809082
Kinetics400,TANet,3D-LIME-NEW,3D-LIME,214,mY0Zh6IYpgA_000045_000055.mp4,0.4127039909362793,0.9019206762313843,0.6747949600219727
Kinetics400,TANet,3D-RISE-NEW,3D-RISE,214,mY0Zh6IYpgA_000045_000055.mp4,0.3653414249420166,0.09939482808113098,0.6530612244897959
Kinetics400,TANet,3D-Sampled-Occl-Sens-NEW,3D-Sampled-Occl-Sens,214,mY0Zh6IYpgA_000045_000055.mp4,0.35676077008247375,0.02193443290889263,0.7519623233908949
Kinetics400,TANet,LV-LOCO-NEW,LV-LOCO,214,mY0Zh6IYpgA_000045_000055.mp4,0.4010656177997589,0.9062120318412781,0.6491764068603516
Kinetics400,TANet,LV-Univ-Pred-NEW,LV-Univ-Pred,214,mY0Zh6IYpgA_000045_000055.mp4,0.3852441906929016,0.9193938970565796,0.7062547683715821
Kinetics400,TANet,SaliencyTubes,SaliencyTubes,214,mY0Zh6IYpgA_000045_000055.mp4,0.3668762445449829,0.9225398898124695,0.3983072916666667
Kinetics400,TANet,AOSA,AOSA,214,mY0Zh6IYpgA_000045_000055.mp4,0.41790667176246643,0.9428786039352417,0.36252125850340133
Kinetics400,TANet,GradCAM,GradCAM,214,mY0Zh6IYpgA_000045_000055.mp4,0.38150715827941895,0.9039337038993835,0.20494791666666667
Kinetics400,TANet,3D-Kernel-SHAP-NEW,3D-Kernel-SHAP,220,FOV6Yqg6B_Q_000004_000014.mp4,0.2608495056629181,0.840164303779602,0.7011796951293945
Kinetics400,TANet,3D-LIME-NEW,3D-LIME,220,FOV6Yqg6B_Q_000004_000014.mp4,0.265288770198822,0.8357290029525757,0.6628751754760742
Kinetics400,TANet,3D-RISE-NEW,3D-RISE,220,FOV6Yqg6B_Q_000004_000014.mp4,0.25784122943878174,0.3502272665500641,0.7091836734693877
Kinetics400,TANet,3D-Sampled-Occl-Sens-NEW,3D-Sampled-Occl-Sens,220,FOV6Yqg6B_Q_000004_000014.mp4,0.21908333897590637,-0.13247564435005188,0.728414442700157
Kinetics400,TANet,LV-LOCO-NEW,LV-LOCO,220,FOV6Yqg6B_Q_000004_000014.mp4,0.2394908368587494,0.8485520482063293,0.6766111373901367
Kinetics400,TANet,LV-Univ-Pred-NEW,LV-Univ-Pred,220,FOV6Yqg6B_Q_000004_000014.mp4,0.21238674223423004,0.8801911473274231,0.5898662567138672
Kinetics400,TANet,SaliencyTubes,SaliencyTubes,220,FOV6Yqg6B_Q_000004_000014.mp4,0.20148034393787384,0.9434959888458252,0.708984375
Kinetics400,TANet,AOSA,AOSA,220,FOV6Yqg6B_Q_000004_000014.mp4,0.2964654564857483,0.7804117202758789,0.6069568452380952
Kinetics400,TANet,GradCAM,GradCAM,220,FOV6Yqg6B_Q_000004_000014.mp4,0.3069389760494232,0.896748423576355,0.186328125
Kinetics400,TANet,3D-Kernel-SHAP-NEW,3D-Kernel-SHAP,231,2ZP4Tcq4nq8_000020_000030.mp4,0.5046999454498291,0.8954154849052429,0.10859489440917969
Kinetics400,TANet,3D-LIME-NEW,3D-LIME,231,2ZP4Tcq4nq8_000020_000030.mp4,0.46234041452407837,0.9245748519897461,0.6209787368774414
Kinetics400,TANet,3D-RISE-NEW,3D-RISE,231,2ZP4Tcq4nq8_000020_000030.mp4,0.3311065435409546,0.5154611468315125,0.6581632653061225
Kinetics400,TANet,3D-Sampled-Occl-Sens-NEW,3D-Sampled-Occl-Sens,231,2ZP4Tcq4nq8_000020_000030.mp4,0.30965766310691833,-0.07965224236249924,0.6938775510204082
Kinetics400,TANet,LV-LOCO-NEW,LV-LOCO,231,2ZP4Tcq4nq8_000020_000030.mp4,0.4569449722766876,0.8992131948471069,0.7531497955322266
Kinetics400,TANet,LV-Univ-Pred-NEW,LV-Univ-Pred,231,2ZP4Tcq4nq8_000020_000030.mp4,0.40667593479156494,0.9382014274597168,0.7271709442138672
Kinetics400,TANet,SaliencyTubes,SaliencyTubes,231,2ZP4Tcq4nq8_000020_000030.mp4,0.6051477789878845,0.9852771162986755,0.231640625
Kinetics400,TANet,AOSA,AOSA,231,2ZP4Tcq4nq8_000020_000030.mp4,0.6957855820655823,0.9396833181381226,0.20684191645408162
Kinetics400,TANet,GradCAM,GradCAM,231,2ZP4Tcq4nq8_000020_000030.mp4,0.6473191380500793,0.9853891134262085,0.1935546875
Kinetics400,TANet,3D-Kernel-SHAP-NEW,3D-Kernel-SHAP,236,2G1sRvmbza0_000000_000010.mp4,0.7102960348129272,0.8632609844207764,0.7169197082519532
Kinetics400,TANet,3D-LIME-NEW,3D-LIME,236,2G1sRvmbza0_000000_000010.mp4,0.7037443518638611,0.8953660130500793,0.6162189483642578
Kinetics400,TANet,3D-RISE-NEW,3D-RISE,236,2G1sRvmbza0_000000_000010.mp4,0.4724087417125702,0.3818337917327881,0.7193877551020408
Kinetics400,TANet,3D-Sampled-Occl-Sens-NEW,3D-Sampled-Occl-Sens,236,2G1sRvmbza0_000000_000010.mp4,0.5507240295410156,-0.10656481981277466,0.706436420722135
Kinetics400,TANet,LV-LOCO-NEW,LV-LOCO,236,2G1sRvmbza0_000000_000010.mp4,0.7207056879997253,0.8861371874809265,0.6689865112304687
Kinetics400,TANet,LV-Univ-Pred-NEW,LV-Univ-Pred,236,2G1sRvmbza0_000000_000010.mp4,0.6999878287315369,0.8913338780403137,0.7127059936523438
Kinetics400,TANet,SaliencyTubes,SaliencyTubes,236,2G1sRvmbza0_000000_000010.mp4,0.5740475058555603,0.9773334264755249,0.5776041666666667
Kinetics400,TANet,AOSA,AOSA,236,2G1sRvmbza0_000000_000010.mp4,0.6629460453987122,0.8372802138328552,0.7066113945578232
Kinetics400,TANet,GradCAM,GradCAM,236,2G1sRvmbza0_000000_000010.mp4,0.6134039759635925,0.9140530228614807,0.1765625
Kinetics400,TANet,3D-Kernel-SHAP-NEW,3D-Kernel-SHAP,243,E-KmvjxUsd8_000110_000120.mp4,0.759759247303009,0.9531542658805847,0.6750387191772461
Kinetics400,TANet,3D-LIME-NEW,3D-LIME,243,E-KmvjxUsd8_000110_000120.mp4,0.7711486220359802,0.9591345191001892,0.6350265502929687
Kinetics400,TANet,3D-RISE-NEW,3D-RISE,243,E-KmvjxUsd8_000110_000120.mp4,0.5931344032287598,0.23178397119045258,0.6581632653061225
Kinetics400,TANet,3D-Sampled-Occl-Sens-NEW,3D-Sampled-Occl-Sens,243,E-KmvjxUsd8_000110_000120.mp4,0.5245818495750427,0.0010515488684177399,0.7645211930926217
Kinetics400,TANet,LV-LOCO-NEW,LV-LOCO,243,E-KmvjxUsd8_000110_000120.mp4,0.7687160968780518,0.9332711696624756,0.7669347763061524
Kinetics400,TANet,LV-Univ-Pred-NEW,LV-Univ-Pred,243,E-KmvjxUsd8_000110_000120.mp4,0.7466205954551697,0.9660345911979675,0.7320598602294922
Kinetics400,TANet,SaliencyTubes,SaliencyTubes,243,E-KmvjxUsd8_000110_000120.mp4,0.8188861012458801,0.9783875346183777,0.18997395833333333
Kinetics400,TANet,AOSA,AOSA,243,E-KmvjxUsd8_000110_000120.mp4,0.9633473753929138,0.9300214052200317,0.269812612545018
Kinetics400,TANet,GradCAM,GradCAM,243,E-KmvjxUsd8_000110_000120.mp4,0.8811889886856079,0.9594743251800537,0.17766927083333334
Kinetics400,TANet,3D-Kernel-SHAP-NEW,3D-Kernel-SHAP,244,0q1c6APn11c_000043_000053.mp4,0.7016165256500244,0.8404794931411743,0.7353345870971679
Kinetics400,TANet,3D-LIME-NEW,3D-LIME,244,0q1c6APn11c_000043_000053.mp4,0.691846489906311,0.8845060467720032,0.7190729141235351
Kinetics400,TANet,3D-RISE-NEW,3D-RISE,244,0q1c6APn11c_000043_000053.mp4,0.5793234705924988,0.6034687161445618,0.7397959183673469
Kinetics400,TANet,3D-Sampled-Occl-Sens-NEW,3D-Sampled-Occl-Sens,244,0q1c6APn11c_000043_000053.mp4,0.6093915700912476,-0.015939055010676384,0.7456828885400314
Kinetics400,TANet,LV-LOCO-NEW,LV-LOCO,244,0q1c6APn11c_000043_000053.mp4,0.7211719155311584,0.839164137840271,0.7163808822631836
Kinetics400,TANet,LV-Univ-Pred-NEW,LV-Univ-Pred,244,0q1c6APn11c_000043_000053.mp4,0.7015166282653809,0.8595881462097168,0.6395439147949219
Kinetics400,TANet,SaliencyTubes,SaliencyTubes,244,0q1c6APn11c_000043_000053.mp4,0.6121702790260315,0.9614465832710266,0.4490234375
Kinetics400,TANet,AOSA,AOSA,244,0q1c6APn11c_000043_000053.mp4,0.7267044186592102,0.8869859576225281,0.7349383503401361
Kinetics400,TANet,GradCAM,GradCAM,244,0q1c6APn11c_000043_000053.mp4,0.5679469704627991,0.9517209529876709,0.19322916666666667
Kinetics400,TANet,3D-Kernel-SHAP-NEW,3D-Kernel-SHAP,252,vmlKvajfs_I_000191_000201.mp4,0.010204512625932693,0.9085427522659302,0.6989740371704102
Kinetics400,TANet,3D-LIME-NEW,3D-LIME,252,vmlKvajfs_I_000191_000201.mp4,0.010119464248418808,0.9387518763542175,0.6747142791748046
Kinetics400,TANet,3D-RISE-NEW,3D-RISE,252,vmlKvajfs_I_000191_000201.mp4,0.0,0.5408317446708679,0.7142857142857143
Kinetics400,TANet,3D-Sampled-Occl-Sens-NEW,3D-Sampled-Occl-Sens,252,vmlKvajfs_I_000191_000201.mp4,0.0,-0.17271310091018677,0.7080062794348508
Kinetics400,TANet,LV-LOCO-NEW,LV-LOCO,252,vmlKvajfs_I_000191_000201.mp4,0.010222496464848518,0.9320171475410461,0.683955192565918
Kinetics400,TANet,LV-Univ-Pred-NEW,LV-Univ-Pred,252,vmlKvajfs_I_000191_000201.mp4,0.009867475368082523,0.9349175691604614,0.6405712127685547
Kinetics400,TANet,SaliencyTubes,SaliencyTubes,252,vmlKvajfs_I_000191_000201.mp4,0.004629739560186863,0.9201787710189819,0.45703125
Kinetics400,TANet,AOSA,AOSA,252,vmlKvajfs_I_000191_000201.mp4,0.0,0.9653235673904419,0.739891581632653
Kinetics400,TANet,GradCAM,GradCAM,252,vmlKvajfs_I_000191_000201.mp4,0.003752137301489711,0.8876820206642151,0.09837239583333333
Kinetics400,TANet,3D-Kernel-SHAP-NEW,3D-Kernel-SHAP,253,LuBHCaA0bo4_000020_000030.mp4,0.03867411985993385,0.9267906546592712,0.6521871566772461
Kinetics400,TANet,3D-LIME-NEW,3D-LIME,253,LuBHCaA0bo4_000020_000030.mp4,0.04005669429898262,0.9276496767997742,0.5881952285766602
Kinetics400,TANet,3D-RISE-NEW,3D-RISE,253,LuBHCaA0bo4_000020_000030.mp4,0.0,0.5214579105377197,0.6428571428571429
Kinetics400,TANet,3D-Sampled-Occl-Sens-NEW,3D-Sampled-Occl-Sens,253,LuBHCaA0bo4_000020_000030.mp4,0.03709335997700691,-0.0587608702480793,0.5777080062794349
Kinetics400,TANet,LV-LOCO-NEW,LV-LOCO,253,LuBHCaA0bo4_000020_000030.mp4,0.044983621686697006,0.8954820036888123,0.7737257003784179
Kinetics400,TANet,LV-Univ-Pred-NEW,LV-Univ-Pred,253,LuBHCaA0bo4_000020_000030.mp4,0.04140336439013481,0.9192260503768921,0.69608154296875
Kinetics400,TANet,SaliencyTubes,SaliencyTubes,253,LuBHCaA0bo4_000020_000030.mp4,0.04844466224312782,0.9796044230461121,0.6147786458333333
Kinetics400,TANet,AOSA,AOSA,253,LuBHCaA0bo4_000020_000030.mp4,0.00021942838793620467,0.8649250864982605,0.645078656462585
Kinetics400,TANet,GradCAM,GradCAM,253,LuBHCaA0bo4_000020_000030.mp4,0.06661028414964676,0.9712139964103699,0.18326822916666666
Kinetics400,TANet,3D-Kernel-SHAP-NEW,3D-Kernel-SHAP,256,xQ5PoSoQnK0_000073_000083.mp4,0.7663986682891846,0.8380975723266602,0.7022871017456055
Kinetics400,TANet,3D-LIME-NEW,3D-LIME,256,xQ5PoSoQnK0_000073_000083.mp4,0.7639047503471375,0.8635624647140503,0.7145166397094727
Kinetics400,TANet,3D-RISE-NEW,3D-RISE,256,xQ5PoSoQnK0_000073_000083.mp4,0.7283708453178406,0.20006148517131805,0.7193877551020408
Kinetics400,TANet,3D-Sampled-Occl-Sens-NEW,3D-Sampled-Occl-Sens,256,xQ5PoSoQnK0_000073_000083.mp4,0.7003710269927979,-0.006236607674509287,0.7817896389324961
Kinetics400,TANet,LV-LOCO-NEW,LV-LOCO,256,xQ5PoSoQnK0_000073_000083.mp4,0.762585461139679,0.8279054164886475,0.7524356842041016
Kinetics400,TANet,LV-Univ-Pred-NEW,LV-Univ-Pred,256,xQ5PoSoQnK0_000073_000083.mp4,0.7734124660491943,0.8571590185165405,0.6364185333251953
Kinetics400,TANet,SaliencyTubes,SaliencyTubes,256,xQ5PoSoQnK0_000073_000083.mp4,0.6853861808776855,0.9587811231613159,0.4752604166666667
Kinetics400,TANet,AOSA,AOSA,256,xQ5PoSoQnK0_000073_000083.mp4,0.7169961929321289,0.8335744142532349,0.7126434948979592
Kinetics400,TANet,GradCAM,GradCAM,256,xQ5PoSoQnK0_000073_000083.mp4,0.6876454949378967,0.9365942478179932,0.27884114583333336
Kinetics400,TANet,3D-Kernel-SHAP-NEW,3D-Kernel-SHAP,298,72vAM2L477g_000015_000025.mp4,0.23156149685382843,0.9250679612159729,0.6326816558837891
Kinetics400,TANet,3D-LIME-NEW,3D-LIME,298,72vAM2L477g_000015_000025.mp4,0.21662065386772156,0.9436511993408203,0.577672004699707
Kinetics400,TANet,3D-RISE-NEW,3D-RISE,298,72vAM2L477g_000015_000025.mp4,0.17801359295845032,0.6978850364685059,0.6632653061224489
Kinetics400,TANet,3D-Sampled-Occl-Sens-NEW,3D-Sampled-Occl-Sens,298,72vAM2L477g_000015_000025.mp4,0.14894868433475494,0.028481347486376762,0.717425431711146
Kinetics400,TANet,LV-LOCO-NEW,LV-LOCO,298,72vAM2L477g_000015_000025.mp4,0.22925303876399994,0.9057674407958984,0.716180419921875
Kinetics400,TANet,LV-Univ-Pred-NEW,LV-Univ-Pred,298,72vAM2L477g_000015_000025.mp4,0.24183286726474762,0.9359093308448792,0.7215690612792969
Kinetics400,TANet,SaliencyTubes,SaliencyTubes,298,72vAM2L477g_000015_000025.mp4,0.24797075986862183,0.9692294001579285,0.28489583333333335
Kinetics400,TANet,AOSA,AOSA,298,72vAM2L477g_000015_000025.mp4,0.16966061294078827,0.8868657946586609,0.30668048469387754
Kinetics400,TANet,GradCAM,GradCAM,298,72vAM2L477g_000015_000025.mp4,0.23718370497226715,0.9541032314300537,0.1751953125
Kinetics400,TANet,3D-Kernel-SHAP-NEW,3D-Kernel-SHAP,301,WLlSvm6yuj4_000011_000021.mp4,0.21456943452358246,0.8676924705505371,0.08698711395263672
Kinetics400,TANet,3D-LIME-NEW,3D-LIME,301,WLlSvm6yuj4_000011_000021.mp4,0.19962172210216522,0.8974098563194275,0.6224742889404297
Kinetics400,TANet,3D-RISE-NEW,3D-RISE,301,WLlSvm6yuj4_000011_000021.mp4,0.27706024050712585,0.31333860754966736,0.7193877551020408
Kinetics400,TANet,3D-Sampled-Occl-Sens-NEW,3D-Sampled-Occl-Sens,301,WLlSvm6yuj4_000011_000021.mp4,0.16748717427253723,0.06738235801458359,0.7362637362637363
Kinetics400,TANet,LV-LOCO-NEW,LV-LOCO,301,WLlSvm6yuj4_000011_000021.mp4,0.15845681726932526,0.8739258050918579,0.6864189147949219
Kinetics400,TANet,LV-Univ-Pred-NEW,LV-Univ-Pred,301,WLlSvm6yuj4_000011_000021.mp4,0.15342463552951813,0.9140967726707458,0.7137336730957031
Kinetics400,TANet,SaliencyTubes,SaliencyTubes,301,WLlSvm6yuj4_000011_000021.mp4,0.21873866021633148,0.9689735770225525,0.4104817708333333
Kinetics400,TANet,AOSA,AOSA,301,WLlSvm6yuj4_000011_000021.mp4,0.1577765792608261,0.9532014727592468,0.716552734375
Kinetics400,TANet,GradCAM,GradCAM,301,WLlSvm6yuj4_000011_000021.mp4,0.2158922702074051,0.9293878674507141,0.1455078125
Kinetics400,TANet,3D-Kernel-SHAP-NEW,3D-Kernel-SHAP,32,gM4HJUB1AlA_000143_000153.mp4,0.2836751937866211,0.8647459745407104,0.7392370223999023
Kinetics400,TANet,3D-LIME-NEW,3D-LIME,32,gM4HJUB1AlA_000143_000153.mp4,0.2928043305873871,0.8902271389961243,0.5945541381835937
Kinetics400,TANet,3D-RISE-NEW,3D-RISE,32,gM4HJUB1AlA_000143_000153.mp4,0.18018214404582977,0.4702596664428711,0.6530612244897959
Kinetics400,TANet,3D-Sampled-Occl-Sens-NEW,3D-Sampled-Occl-Sens,32,gM4HJUB1AlA_000143_000153.mp4,0.17924092710018158,-0.05904001370072365,0.6938775510204082
Kinetics400,TANet,LV-LOCO-NEW,LV-LOCO,32,gM4HJUB1AlA_000143_000153.mp4,0.2657529413700104,0.8571898937225342,0.5938543319702149
Kinetics400,TANet,LV-Univ-Pred-NEW,LV-Univ-Pred,32,gM4HJUB1AlA_000143_000153.mp4,0.21749292314052582,0.8819718956947327,0.6469348907470703
Kinetics400,TANet,SaliencyTubes,SaliencyTubes,32,gM4HJUB1AlA_000143_000153.mp4,0.2168981432914734,0.9198277592658997,0.4278645833333333
Kinetics400,TANet,AOSA,AOSA,32,gM4HJUB1AlA_000143_000153.mp4,0.3178509771823883,0.8951521515846252,0.6761585884353741
Kinetics400,TANet,GradCAM,GradCAM,32,gM4HJUB1AlA_000143_000153.mp4,0.19248110055923462,0.909461498260498,0.3307291666666667
Kinetics400,TANet,3D-Kernel-SHAP-NEW,3D-Kernel-SHAP,336,lZhpAQIw_X4_000000_000010.mp4,0.08371517062187195,0.8697055578231812,0.7297445297241211
Kinetics400,TANet,3D-LIME-NEW,3D-LIME,336,lZhpAQIw_X4_000000_000010.mp4,0.09012936800718307,0.8691971302032471,0.6287878036499024
Kinetics400,TANet,3D-RISE-NEW,3D-RISE,336,lZhpAQIw_X4_000000_000010.mp4,0.19610512256622314,0.21378904581069946,0.6683673469387755
Kinetics400,TANet,3D-Sampled-Occl-Sens-NEW,3D-Sampled-Occl-Sens,336,lZhpAQIw_X4_000000_000010.mp4,0.08863362669944763,0.09497199207544327,0.6640502354788069
Kinetics400,TANet,LV-LOCO-NEW,LV-LOCO,336,lZhpAQIw_X4_000000_000010.mp4,0.07734429836273193,0.8415720462799072,0.6205038070678711
Kinetics400,TANet,LV-Univ-Pred-NEW,LV-Univ-Pred,336,lZhpAQIw_X4_000000_000010.mp4,0.06189968064427376,0.8661323189735413,0.5990993499755859
Kinetics400,TANet,SaliencyTubes,SaliencyTubes,336,lZhpAQIw_X4_000000_000010.mp4,0.07211659848690033,0.9701396226882935,0.5192057291666666
Kinetics400,TANet,AOSA,AOSA,336,lZhpAQIw_X4_000000_000010.mp4,0.21896831691265106,0.8580606579780579,0.2489955357142857
Kinetics400,TANet,GradCAM,GradCAM,336,lZhpAQIw_X4_000000_000010.mp4,0.08875155448913574,0.9587587118148804,0.34173177083333334
Kinetics400,TANet,3D-Kernel-SHAP-NEW,3D-Kernel-SHAP,345,JtCdw8xvMF0_000020_000030.mp4,0.38760140538215637,0.9014791250228882,0.7728330612182617
Kinetics400,TANet,3D-LIME-NEW,3D-LIME,345,JtCdw8xvMF0_000020_000030.mp4,0.5221067667007446,0.9238275289535522,0.5824453353881835
Kinetics400,TANet,3D-RISE-NEW,3D-RISE,345,JtCdw8xvMF0_000020_000030.mp4,0.294445663690567,0.38144901394844055,0.6122448979591837
Kinetics400,TANet,3D-Sampled-Occl-Sens-NEW,3D-Sampled-Occl-Sens,345,JtCdw8xvMF0_000020_000030.mp4,0.24465037882328033,0.05955790355801582,0.7394034536891679
Kinetics400,TANet,LV-LOCO-NEW,LV-LOCO,345,JtCdw8xvMF0_000020_000030.mp4,0.4472135305404663,0.8847541213035583,0.6229568481445312
Kinetics400,TANet,LV-Univ-Pred-NEW,LV-Univ-Pred,345,JtCdw8xvMF0_000020_000030.mp4,0.24214884638786316,0.9115351438522339,0.6567831039428711
Kinetics400,TANet,SaliencyTubes,SaliencyTubes,345,JtCdw8xvMF0_000020_000030.mp4,0.4682849943637848,0.9734945297241211,0.2533203125
Kinetics400,TANet,AOSA,AOSA,345,JtCdw8xvMF0_000020_000030.mp4,0.525104820728302,0.9188636541366577,0.29484481292517006
Kinetics400,TANet,GradCAM,GradCAM,345,JtCdw8xvMF0_000020_000030.mp4,0.464165598154068,0.9688409566879272,0.20807291666666666
Kinetics400,TANet,3D-Kernel-SHAP-NEW,3D-Kernel-SHAP,35,Gvjdcbitk6s_000049_000059.mp4,0.03456193581223488,0.9011930823326111,0.6551303863525391
Kinetics400,TANet,3D-LIME-NEW,3D-LIME,35,Gvjdcbitk6s_000049_000059.mp4,0.03558497503399849,0.8857520222663879,0.6205320358276367
Kinetics400,TANet,3D-RISE-NEW,3D-RISE,35,Gvjdcbitk6s_000049_000059.mp4,0.0,0.29576706886291504,0.6938775510204082
Kinetics400,TANet,3D-Sampled-Occl-Sens-NEW,3D-Sampled-Occl-Sens,35,Gvjdcbitk6s_000049_000059.mp4,0.0,-0.12055069208145142,0.7142857142857143
Kinetics400,TANet,LV-LOCO-NEW,LV-LOCO,35,Gvjdcbitk6s_000049_000059.mp4,0.035445164889097214,0.8792263269424438,0.7231962203979492
Kinetics400,TANet,LV-Univ-Pred-NEW,LV-Univ-Pred,35,Gvjdcbitk6s_000049_000059.mp4,0.032645754516124725,0.9110575914382935,0.7195388793945312
Kinetics400,TANet,SaliencyTubes,SaliencyTubes,35,Gvjdcbitk6s_000049_000059.mp4,0.0421283058822155,0.9696908593177795,0.3509765625
Kinetics400,TANet,AOSA,AOSA,35,Gvjdcbitk6s_000049_000059.mp4,0.0,0.8799446225166321,0.7474649234693878
Kinetics400,TANet,GradCAM,GradCAM,35,Gvjdcbitk6s_000049_000059.mp4,0.050693243741989136,0.9135940074920654,0.1748046875
Kinetics400,TANet,3D-Kernel-SHAP-NEW,3D-Kernel-SHAP,355,7YWrSwXh0QQ_000189_000199.mp4,0.02150767482817173,0.84909987449646,0.7050611495971679
Kinetics400,TANet,3D-LIME-NEW,3D-LIME,355,7YWrSwXh0QQ_000189_000199.mp4,0.021159397438168526,0.8628747463226318,0.7186904907226562
Kinetics400,TANet,3D-RISE-NEW,3D-RISE,355,7YWrSwXh0QQ_000189_000199.mp4,0.0,0.09318450093269348,0.6938775510204082
Kinetics400,TANet,3D-Sampled-Occl-Sens-NEW,3D-Sampled-Occl-Sens,355,7YWrSwXh0QQ_000189_000199.mp4,0.008194622583687305,-0.07340571284294128,0.695447409733124
Kinetics400,TANet,LV-LOCO-NEW,LV-LOCO,355,7YWrSwXh0QQ_000189_000199.mp4,0.02007339522242546,0.8578466176986694,0.6970230102539062
Kinetics400,TANet,LV-Univ-Pred-NEW,LV-Univ-Pred,355,7YWrSwXh0QQ_000189_000199.mp4,0.020305514335632324,0.8750931024551392,0.7517335891723633
Kinetics400,TANet,SaliencyTubes,SaliencyTubes,355,7YWrSwXh0QQ_000189_000199.mp4,0.023610977455973625,0.906573474407196,0.2899088541666667
Kinetics400,TANet,AOSA,AOSA,355,7YWrSwXh0QQ_000189_000199.mp4,0.0,0.8871530890464783,0.6441525829081632
Kinetics400,TANet,GradCAM,GradCAM,355,7YWrSwXh0QQ_000189_000199.mp4,0.021363040432333946,0.8819915652275085,0.2578125
Kinetics400,TANet,3D-Kernel-SHAP-NEW,3D-Kernel-SHAP,369,51Pr9xdOU7U_000121_000131.mp4,0.5662580728530884,0.8953534960746765,0.6822256088256836
Kinetics400,TANet,3D-LIME-NEW,3D-LIME,369,51Pr9xdOU7U_000121_000131.mp4,0.6006127595901489,0.9020000696182251,0.5561670303344727
Kinetics400,TANet,3D-RISE-NEW,3D-RISE,369,51Pr9xdOU7U_000121_000131.mp4,0.4033561944961548,0.5451818108558655,0.6938775510204082
Kinetics400,TANet,3D-Sampled-Occl-Sens-NEW,3D-Sampled-Occl-Sens,369,51Pr9xdOU7U_000121_000131.mp4,0.4046095311641693,0.03188878670334816,0.7032967032967034
Kinetics400,TANet,LV-LOCO-NEW,LV-LOCO,369,51Pr9xdOU7U_000121_000131.mp4,0.5555881261825562,0.897093653678894,0.7013620376586914
Kinetics400,TANet,LV-Univ-Pred-NEW,LV-Univ-Pred,369,51Pr9xdOU7U_000121_000131.mp4,0.5721725225448608,0.9284244179725647,0.6282630920410156
Kinetics400,TANet,SaliencyTubes,SaliencyTubes,369,51Pr9xdOU7U_000121_000131.mp4,0.5397976636886597,0.9707792401313782,0.37643229166666664
Kinetics400,TANet,AOSA,AOSA,369,51Pr9xdOU7U_000121_000131.mp4,0.5886276960372925,0.9273186922073364,0.7187553146258503
Kinetics400,TANet,GradCAM,GradCAM,369,51Pr9xdOU7U_000121_000131.mp4,0.5614863038063049,0.9364135265350342,0.12154947916666667
Kinetics400,TANet,3D-Kernel-SHAP-NEW,3D-Kernel-SHAP,375,y9z2_r8pwG8_000036_000046.mp4,0.32437875866889954,0.8886499404907227,0.7742351531982422
Kinetics400,TANet,3D-LIME-NEW,3D-LIME,375,y9z2_r8pwG8_000036_000046.mp4,0.3977363407611847,0.9146178960800171,0.5920001983642578
Kinetics400,TANet,3D-RISE-NEW,3D-RISE,375,y9z2_r8pwG8_000036_000046.mp4,0.30667704343795776,0.2930432856082916,0.6632653061224489
Kinetics400,TANet,3D-Sampled-Occl-Sens-NEW,3D-Sampled-Occl-Sens,375,y9z2_r8pwG8_000036_000046.mp4,0.185816690325737,-0.12679460644721985,0.631083202511774
Kinetics400,TANet,LV-LOCO-NEW,LV-LOCO,375,y9z2_r8pwG8_000036_000046.mp4,0.2959311008453369,0.8826351165771484,0.6953264236450195
Kinetics400,TANet,LV-Univ-Pred-NEW,LV-Univ-Pred,375,y9z2_r8pwG8_000036_000046.mp4,0.2055681347846985,0.9022202491760254,0.6455862045288085
Kinetics400,TANet,SaliencyTubes,SaliencyTubes,375,y9z2_r8pwG8_000036_000046.mp4,0.4934397041797638,0.9911643266677856,0.1859375
Kinetics400,TANet,AOSA,AOSA,375,y9z2_r8pwG8_000036_000046.mp4,0.43084344267845154,0.8359952569007874,0.3035767431972789
Kinetics400,TANet,GradCAM,GradCAM,375,y9z2_r8pwG8_000036_000046.mp4,0.5354501605033875,0.9903720021247864,0.1677734375
Kinetics400,TANet,3D-Kernel-SHAP-NEW,3D-Kernel-SHAP,398,d2yKqlwqiOY_000002_000012.mp4,0.6177068948745728,0.9805029630661011,0.7591958999633789
Kinetics400,TANet,3D-LIME-NEW,3D-LIME,398,d2yKqlwqiOY_000002_000012.mp4,0.5929794311523438,0.9764120578765869,0.7772809982299804
Kinetics400,TANet,3D-RISE-NEW,3D-RISE,398,d2yKqlwqiOY_000002_000012.mp4,0.4855405390262604,0.5245936512947083,0.6989795918367347
Kinetics400,TANet,3D-Sampled-Occl-Sens-NEW,3D-Sampled-Occl-Sens,398,d2yKqlwqiOY_000002_000012.mp4,0.4714164733886719,-0.07573933899402618,0.7158555729984302
Kinetics400,TANet,LV-LOCO-NEW,LV-LOCO,398,d2yKqlwqiOY_000002_000012.mp4,0.5965566635131836,0.9843626618385315,0.7331161499023438
Kinetics400,TANet,LV-Univ-Pred-NEW,LV-Univ-Pred,398,d2yKqlwqiOY_000002_000012.mp4,0.5862686634063721,0.988305389881134,0.8022186279296875
Kinetics400,TANet,SaliencyTubes,SaliencyTubes,398,d2yKqlwqiOY_000002_000012.mp4,0.5820593237876892,0.9384056329727173,0.3040364583333333
Kinetics400,TANet,AOSA,AOSA,398,d2yKqlwqiOY_000002_000012.mp4,0.7704672813415527,0.9576908349990845,0.5178671077806123
Kinetics400,TANet,GradCAM,GradCAM,398,d2yKqlwqiOY_000002_000012.mp4,0.7290804386138916,0.9372113943099976,0.185546875
Kinetics400,TANet,3D-Kernel-SHAP-NEW,3D-Kernel-SHAP,78,XXxIZLe0iQo_000003_000013.mp4,0.28782352805137634,0.8467961549758911,0.6885622024536133
Kinetics400,TANet,3D-LIME-NEW,3D-LIME,78,XXxIZLe0iQo_000003_000013.mp4,0.24962346255779266,0.8649102449417114,0.6628448486328125
Kinetics400,TANet,3D-RISE-NEW,3D-RISE,78,XXxIZLe0iQo_000003_000013.mp4,0.2808447480201721,0.2131279706954956,0.6836734693877551
Kinetics400,TANet,3D-Sampled-Occl-Sens-NEW,3D-Sampled-Occl-Sens,78,XXxIZLe0iQo_000003_000013.mp4,0.264260858297348,-0.1041523739695549,0.7299843014128728
Kinetics400,TANet,LV-LOCO-NEW,LV-LOCO,78,XXxIZLe0iQo_000003_000013.mp4,0.31742820143699646,0.8555436134338379,0.70654296875
Kinetics400,TANet,LV-Univ-Pred-NEW,LV-Univ-Pred,78,XXxIZLe0iQo_000003_000013.mp4,0.2123904675245285,0.9001217484474182,0.7078271865844726
Kinetics400,TANet,SaliencyTubes,SaliencyTubes,78,XXxIZLe0iQo_000003_000013.mp4,0.2280052900314331,0.9677913188934326,0.33502604166666666
Kinetics400,TANet,AOSA,AOSA,78,XXxIZLe0iQo_000003_000013.mp4,0.3635031580924988,0.8484724164009094,0.46837797619047616
Kinetics400,TANet,GradCAM,GradCAM,78,XXxIZLe0iQo_000003_000013.mp4,0.2227039337158203,0.941227376461029,0.2013671875
