dataset,model,method,method_display,video_idx,deletion_auc,insertion_auc,avg_drop,pointing_game,iou50,iou_value
EtriActivity3D,TANet,3D-Kernel-SHAP-NEW,3D-Kernel-SHAP,0,0.03227175410326192,0.9799461224250122,81.43327595373711,1.0,0.0,0.07371207209468236
EtriActivity3D,TANet,3D-Kernel-SHAP-NEW,3D-Kernel-SHAP,1,0.028883644109864947,0.9950080650011508,16.392033538103362,1.0,0.0,0.0709773638854181
EtriActivity3D,TANet,3D-Kernel-SHAP-NEW,3D-Kernel-SHAP,2,0.02700195483761201,0.9767993458931216,63.213952533737604,1.0,1.0,0.5797220473231314
EtriActivity3D,TANet,3D-Kernel-SHAP-NEW,3D-Kernel-SHAP,3,0.013604363781650104,0.6838793003098644,44.272688963771934,1.0,1.0,0.3907666927504124
EtriActivity3D,TANet,3D-Kernel-SHAP-NEW,3D-Kernel-SHAP,4,0.13055854244236959,0.9241362539031933,27.182446062282267,0.0,0.0,0.05787938592661159
EtriActivity3D,TANet,3D-Kernel-SHAP-NEW,3D-Kernel-SHAP,5,0.07626484542603346,0.8022469005331693,25.736111493459987,0.0,0.0,0.06860206490947317
EtriActivity3D,TANet,3D-Kernel-SHAP-NEW,3D-Kernel-SHAP,6,0.038913552344784816,0.8309564971115438,51.49018889220608,0.0,0.0,0.2381152871451749
EtriActivity3D,TANet,3D-Kernel-SHAP-NEW,3D-Kernel-SHAP,7,0.03032814401914225,0.9726328339843935,17.877567419107653,0.0,0.0,0.1626054178602132
EtriActivity3D,TANet,3D-Kernel-SHAP-NEW,3D-Kernel-SHAP,8,0.058760588464059335,0.9532504043578454,37.51319646835327,1.0,0.0,0.06417162042352804
EtriActivity3D,TANet,3D-Kernel-SHAP-NEW,3D-Kernel-SHAP,9,0.01937892758959508,0.7640142831270792,21.81454539292149,1.0,0.0,0.42492584229866737
EtriActivity3D,TANet,3D-Kernel-SHAP-NEW,3D-Kernel-SHAP,10,0.38018410409935327,0.9571392703065831,0.6998403191827205,1.0,0.0,0.15488548182984
EtriActivity3D,TANet,3D-Kernel-SHAP-NEW,3D-Kernel-SHAP,11,0.22413162259686975,0.7882575253816769,63.229157078273246,0.0,0.0,0.18414972086898213
EtriActivity3D,TANet,3D-Kernel-SHAP-NEW,3D-Kernel-SHAP,12,0.08447057446793652,0.995162922819187,0.0,1.0,0.0,0.19851052235513922
EtriActivity3D,TANet,3D-Kernel-SHAP-NEW,3D-Kernel-SHAP,13,0.3158709697019447,0.9712028914329525,0.0033915042877197266,1.0,0.0,0.23584457732001796
EtriActivity3D,TANet,3D-Kernel-SHAP-NEW,3D-Kernel-SHAP,14,0.1140722435548792,0.8922287711327093,3.57627911284913e-05,1.0,0.0,0.3630085560119011
EtriActivity3D,TANet,3D-Kernel-SHAP-NEW,3D-Kernel-SHAP,15,0.1733563131249655,0.973911690806901,0.0,0.0,0.0,0.3719901087435749
EtriActivity3D,TANet,3D-Kernel-SHAP-NEW,3D-Kernel-SHAP,16,0.0853402366275037,0.9806669660832115,0.0,1.0,1.0,0.6216483185516397
EtriActivity3D,TANet,3D-Kernel-SHAP-NEW,3D-Kernel-SHAP,17,0.019167168348971697,0.8206334367531192,23.84081897525374,1.0,0.0,0.06451295675669769
EtriActivity3D,TANet,3D-Kernel-SHAP-NEW,3D-Kernel-SHAP,18,0.24172476599954748,0.6338760583094466,58.437562928849424,1.0,0.0,0.4064359342575412
EtriActivity3D,TANet,3D-Kernel-SHAP-NEW,3D-Kernel-SHAP,19,0.15073049444566244,0.9743407526236391,0.0,1.0,0.0,0.3841663463538236
EtriActivity3D,TANet,3D-Kernel-SHAP-NEW,3D-Kernel-SHAP,20,0.06886456988620289,0.9471628126323097,7.003622089088239,1.0,0.0,0.10676542385114249
EtriActivity3D,TANet,3D-Kernel-SHAP-NEW,3D-Kernel-SHAP,21,0.1077906873689834,0.9805337523788996,0.03409720206228462,1.0,1.0,0.3175831133696787
EtriActivity3D,TANet,3D-Kernel-SHAP-NEW,3D-Kernel-SHAP,22,0.3977754119369926,0.4506917847562991,0.0,1.0,0.0,0.4215303932333601
EtriActivity3D,TANet,3D-Kernel-SHAP-NEW,3D-Kernel-SHAP,23,0.5739778429170799,0.7250041431587952,3.489475759804148,0.0,0.0,0.23700148679377295
EtriActivity3D,TANet,3D-Kernel-SHAP-NEW,3D-Kernel-SHAP,24,0.21220950010975334,0.9557710951872083,1.5335255139182884,1.0,1.0,0.25356198027883653
EtriActivity3D,TANet,3D-Kernel-SHAP-NEW,3D-Kernel-SHAP,25,0.25337535996949423,0.9594202074415051,0.00010132790215777768,1.0,0.0,0.5170552586296955
EtriActivity3D,TANet,3D-Kernel-SHAP-NEW,3D-Kernel-SHAP,26,0.09456811483691299,0.872659939296445,53.43018173679205,0.0,0.0,0.027871011149557864
EtriActivity3D,TANet,3D-Kernel-SHAP-NEW,3D-Kernel-SHAP,27,0.0652040548284985,0.7802224475401702,0.0,1.0,1.0,0.49406825948565775
EtriActivity3D,TANet,3D-Kernel-SHAP-NEW,3D-Kernel-SHAP,28,0.2751966229205372,0.9472194239237781,42.57987141609192,0.0,0.0,0.034567993508157514
EtriActivity3D,TANet,3D-Kernel-SHAP-NEW,3D-Kernel-SHAP,29,0.05004606925041834,0.9717983871378285,25.25451195178869,1.0,0.0,0.7050484755708636
EtriActivity3D,TANet,3D-LIME-NEW,3D-LIME,0,0.020784352085914642,0.9767144463543841,89.39906992601847,1.0,0.0,0.0971433086309586
EtriActivity3D,TANet,3D-LIME-NEW,3D-LIME,1,0.023133705080731513,0.9951200679510006,19.700762637663033,1.0,0.0,0.12535693599032588
EtriActivity3D,TANet,3D-LIME-NEW,3D-LIME,2,0.027595267771244596,0.9771216110947614,60.87279988378567,1.0,1.0,0.6302386646669099
EtriActivity3D,TANet,3D-LIME-NEW,3D-LIME,3,0.009919720565337565,0.7027176749321309,46.15506935919004,1.0,0.0,0.4049383095589441
EtriActivity3D,TANet,3D-LIME-NEW,3D-LIME,4,0.15632230986808263,0.9231730738245528,90.60775620138054,0.0,0.0,0.06199469047906359
EtriActivity3D,TANet,3D-LIME-NEW,3D-LIME,5,0.07892542688094428,0.8456069347894146,0.0,0.0,0.0,0.08799782978123334
EtriActivity3D,TANet,3D-LIME-NEW,3D-LIME,6,0.03887705885484144,0.8220521374596546,43.47155196268548,1.0,0.0,0.240828074570066
EtriActivity3D,TANet,3D-LIME-NEW,3D-LIME,7,0.02855961107457208,0.9710569335053476,22.449730550085555,0.0,0.0,0.1727588933712295
EtriActivity3D,TANet,3D-LIME-NEW,3D-LIME,8,0.05050698574380054,0.9547833761524479,28.5161554813385,1.0,0.0,0.10321558890310277
EtriActivity3D,TANet,3D-LIME-NEW,3D-LIME,9,0.01577099231227011,0.8360596439710675,33.41766727764056,1.0,0.0,0.45220336001407335
EtriActivity3D,TANet,3D-LIME-NEW,3D-LIME,10,0.2780162452199831,0.9685001902667507,2.079124752315819,1.0,0.0,0.3323773551971917
EtriActivity3D,TANet,3D-LIME-NEW,3D-LIME,11,0.38656291594068076,0.9632220723132877,0.2032103491216515,1.0,0.0,0.4334914133146944
EtriActivity3D,TANet,3D-LIME-NEW,3D-LIME,12,0.1009333465385712,0.9953704329065415,0.0,1.0,0.0,0.3525400976504148
EtriActivity3D,TANet,3D-LIME-NEW,3D-LIME,13,0.2864304954176148,0.9706542233158177,1.1053085327148438,1.0,0.0,0.18447370622720938
EtriActivity3D,TANet,3D-LIME-NEW,3D-LIME,14,0.07651864571432815,0.954139662748865,0.00040531163278956803,1.0,0.0,0.47056787542036227
EtriActivity3D,TANet,3D-LIME-NEW,3D-LIME,15,0.13380481702939998,0.9330563870372158,0.0,0.0,0.0,0.35728714437307196
EtriActivity3D,TANet,3D-LIME-NEW,3D-LIME,16,0.0755401335638969,0.9744707736502694,0.0,1.0,1.0,0.7982138345778498
EtriActivity3D,TANet,3D-LIME-NEW,3D-LIME,17,0.03314431621668447,0.8163340292849567,11.892722459305677,1.0,0.0,0.08605168999008551
EtriActivity3D,TANet,3D-LIME-NEW,3D-LIME,18,0.1403640023464721,0.7160608946095925,0.0,1.0,1.0,0.5412283671092774
EtriActivity3D,TANet,3D-LIME-NEW,3D-LIME,19,0.08746849845472679,0.970951627884163,0.009239291020917218,1.0,0.0,0.1703844675124952
EtriActivity3D,TANet,3D-LIME-NEW,3D-LIME,20,0.05664565554370284,0.9492436311382535,2.827491568530149,1.0,0.0,0.3297967078740987
EtriActivity3D,TANet,3D-LIME-NEW,3D-LIME,21,0.12850804475275127,0.9785058367808537,0.08357391134846685,1.0,0.0,0.3158628042691643
EtriActivity3D,TANet,3D-LIME-NEW,3D-LIME,22,0.4162324154901342,0.28885658609878867,0.0,1.0,0.0,0.1928013131858248
EtriActivity3D,TANet,3D-LIME-NEW,3D-LIME,23,0.21117534718888603,0.8823671995636881,0.0,1.0,0.0,0.20914071510957324
EtriActivity3D,TANet,3D-LIME-NEW,3D-LIME,24,0.05376603572998939,0.949515616352953,0.0,1.0,0.0,0.40304407517871516
EtriActivity3D,TANet,3D-LIME-NEW,3D-LIME,25,0.35181775101267043,0.9342154110855414,1.7881394498431356e-05,1.0,0.0,0.25371011149557865
EtriActivity3D,TANet,3D-LIME-NEW,3D-LIME,26,0.06462740416776361,0.9493120975937158,2.2853374032551628,0.0,0.0,0.047694186217968365
EtriActivity3D,TANet,3D-LIME-NEW,3D-LIME,27,0.04738392342815686,0.9102999610737555,0.0,1.0,1.0,0.8497061994776726
EtriActivity3D,TANet,3D-LIME-NEW,3D-LIME,28,0.1561975619506825,0.9615866232000864,0.04855990409851074,0.0,0.0,0.02318726311777494
EtriActivity3D,TANet,3D-LIME-NEW,3D-LIME,29,0.06463521474265341,0.9659903506956905,35.719024816670384,1.0,1.0,0.441040579713891
EtriActivity3D,TANet,3D-RISE-NEW,3D-RISE,0,0.04977017268683593,0.9286951539363909,0.0342370222373751,1.0,0.0,0.40063296953756683
EtriActivity3D,TANet,3D-RISE-NEW,3D-RISE,1,0.10090313641548612,0.9840157444899453,0.004106964428144544,1.0,0.0,0.38064169667852726
EtriActivity3D,TANet,3D-RISE-NEW,3D-RISE,2,0.02001679229762198,0.9010168050008754,1.443664417433062,1.0,0.0,0.34994655175848033
EtriActivity3D,TANet,3D-RISE-NEW,3D-RISE,3,0.024420367665298363,0.6082568417012003,30.95309468424175,1.0,0.0,0.29686602690788977
EtriActivity3D,TANet,3D-RISE-NEW,3D-RISE,4,0.03602032347223123,0.7244399521611244,0.0,0.0,0.0,0.010510734658090996
EtriActivity3D,TANet,3D-RISE-NEW,3D-RISE,5,0.08390696567157563,0.6355604503485748,0.0,0.0,0.0,0.015132064590542098
EtriActivity3D,TANet,3D-RISE-NEW,3D-RISE,6,0.024142699389459673,0.7928256558400849,3.9436412549005055,1.0,0.0,0.17907510047755135
EtriActivity3D,TANet,3D-RISE-NEW,3D-RISE,7,0.026682735195379077,0.9512657590533331,0.10403648817689959,0.0,0.0,0.12086555704539569
EtriActivity3D,TANet,3D-RISE-NEW,3D-RISE,8,0.056689681532501084,0.8535529362297456,0.05647540092468262,1.0,0.0,0.11906188135590876
EtriActivity3D,TANet,3D-RISE-NEW,3D-RISE,9,0.031638015721279764,0.8042534287707462,25.663909572994346,1.0,0.0,0.26551247119536714
EtriActivity3D,TANet,3D-RISE-NEW,3D-RISE,10,0.3808156939464194,0.9240663190359356,0.0,0.0,0.0,0.21481351299975252
EtriActivity3D,TANet,3D-RISE-NEW,3D-RISE,11,0.6488858047246715,0.7993148260831422,3.3034469568883575,1.0,0.0,0.23933494961251287
EtriActivity3D,TANet,3D-RISE-NEW,3D-RISE,12,0.034400634117335856,0.9882658436255383,0.0,1.0,0.0,0.2884311443052252
EtriActivity3D,TANet,3D-RISE-NEW,3D-RISE,13,0.21772220204429377,0.9346795121676851,0.0002384185791015625,1.0,0.0,0.17587140025173678
EtriActivity3D,TANet,3D-RISE-NEW,3D-RISE,14,0.10257124250367794,0.917022110573398,0.0,1.0,0.0,0.08485302766377845
EtriActivity3D,TANet,3D-RISE-NEW,3D-RISE,15,0.4601688014309702,0.9316260923010012,0.0,0.0,0.0,0.11164750813799311
EtriActivity3D,TANet,3D-RISE-NEW,3D-RISE,16,0.015582116410165636,0.9408011835488282,0.0,1.0,0.0,0.39574328700796224
EtriActivity3D,TANet,3D-RISE-NEW,3D-RISE,17,0.039462031659077745,0.7928776799837702,0.0,1.0,0.0,0.3075033715928935
EtriActivity3D,TANet,3D-RISE-NEW,3D-RISE,18,0.31524202229346976,0.49315653755380606,1.1746718559229208,1.0,0.0,0.3529633655040089
EtriActivity3D,TANet,3D-RISE-NEW,3D-RISE,19,0.1034532138381632,0.9475042009066967,0.0007868299450071438,0.0,0.0,0.17415788842844485
EtriActivity3D,TANet,3D-RISE-NEW,3D-RISE,20,0.10390654417980462,0.7858466970922846,0.0,1.0,0.0,0.21789839365776895
EtriActivity3D,TANet,3D-RISE-NEW,3D-RISE,21,0.11582222798628852,0.9591751583008281,0.0015081454758318197,1.0,0.0,0.27414289651545304
EtriActivity3D,TANet,3D-RISE-NEW,3D-RISE,22,0.07448107176327774,0.12276678616705433,0.0,1.0,0.0,0.23782165376345488
EtriActivity3D,TANet,3D-RISE-NEW,3D-RISE,23,0.1208270793135193,0.5213120563462367,0.0,0.0,0.0,0.20968548622574798
EtriActivity3D,TANet,3D-RISE-NEW,3D-RISE,24,0.16281838038902297,0.9335069528596395,1.4215453654988648,1.0,0.0,0.17338398177793096
EtriActivity3D,TANet,3D-RISE-NEW,3D-RISE,25,0.13085570658205464,0.952463312194496,4.172325382967316e-05,1.0,0.0,0.3962687427400977
EtriActivity3D,TANet,3D-RISE-NEW,3D-RISE,26,0.09696473479915382,0.8880113496117213,1.4664653164039367,1.0,0.0,0.088315902338662
EtriActivity3D,TANet,3D-RISE-NEW,3D-RISE,27,0.005299155225326318,0.2737035321734012,0.0,1.0,1.0,0.4969787290348271
EtriActivity3D,TANet,3D-RISE-NEW,3D-RISE,28,0.23423355611115945,0.8584499982786812,0.0,0.0,0.0,0.016349480968858132
EtriActivity3D,TANet,3D-RISE-NEW,3D-RISE,29,0.11176953736567119,0.8749299015643295,0.0,0.0,0.0,0.3313207746015018
EtriActivity3D,TANet,3D-Sampled-Occl-Sens-NEW,3D-Sampled-Occl-Sens,0,0.350948204714884,0.6010570803762644,94.23451287345415,1.0,0.0,0.16544521337946944
EtriActivity3D,TANet,3D-Sampled-Occl-Sens-NEW,3D-Sampled-Occl-Sens,1,0.07120226583822316,0.9830755461807534,86.02663470744972,1.0,0.0,0.14670376778162245
EtriActivity3D,TANet,3D-Sampled-Occl-Sens-NEW,3D-Sampled-Occl-Sens,2,0.02691492374646547,0.9303533157500524,19.49494267315282,1.0,0.0,0.04212475970780469
EtriActivity3D,TANet,3D-Sampled-Occl-Sens-NEW,3D-Sampled-Occl-Sens,3,0.012481415392995562,0.5823752977013704,36.33888685411631,1.0,0.0,0.07751345636293733
EtriActivity3D,TANet,3D-Sampled-Occl-Sens-NEW,3D-Sampled-Occl-Sens,4,0.01891456468046731,0.7948344279007282,0.4904866922067945,0.0,0.0,0.003217993079584775
EtriActivity3D,TANet,3D-Sampled-Occl-Sens-NEW,3D-Sampled-Occl-Sens,5,0.15606429599510105,0.31605086366029833,0.0,1.0,0.0,0.015132064590542098
EtriActivity3D,TANet,3D-Sampled-Occl-Sens-NEW,3D-Sampled-Occl-Sens,6,0.08680414013953727,0.6669060557867537,35.83280482739688,0.0,0.0,0.03642695117262591
EtriActivity3D,TANet,3D-Sampled-Occl-Sens-NEW,3D-Sampled-Occl-Sens,7,0.43549218679101465,0.6346911872335382,99.97477325285254,0.0,0.0,0.035644815183397946
EtriActivity3D,TANet,3D-Sampled-Occl-Sens-NEW,3D-Sampled-Occl-Sens,8,0.4108411387772451,0.645036514320195,84.8472535610199,0.0,0.0,0.047299371527124295
EtriActivity3D,TANet,3D-Sampled-Occl-Sens-NEW,3D-Sampled-Occl-Sens,9,0.15890090359678533,0.8029765255304253,60.12245390930938,1.0,0.0,0.08671434063821606
EtriActivity3D,TANet,3D-Sampled-Occl-Sens-NEW,3D-Sampled-Occl-Sens,10,0.5200266292744011,0.9301142902693074,7.928565571265206,1.0,0.0,0.14093060361399462
EtriActivity3D,TANet,3D-Sampled-Occl-Sens-NEW,3D-Sampled-Occl-Sens,11,0.4092552428986785,0.517520483697379,98.45527106875075,1.0,0.0,0.17526720492118417
EtriActivity3D,TANet,3D-Sampled-Occl-Sens-NEW,3D-Sampled-Occl-Sens,12,0.36125167686240367,0.49598370510605677,99.99276995658875,0.0,0.0,0.11208217632419196
EtriActivity3D,TANet,3D-Sampled-Occl-Sens-NEW,3D-Sampled-Occl-Sens,13,0.5371492772623345,0.8849663217866504,99.73003268241882,0.0,0.0,0.14917422064676794
EtriActivity3D,TANet,3D-Sampled-Occl-Sens-NEW,3D-Sampled-Occl-Sens,14,0.30886129412969404,0.4838427081751407,94.79300913727393,1.0,0.0,0.08143137254901961
EtriActivity3D,TANet,3D-Sampled-Occl-Sens-NEW,3D-Sampled-Occl-Sens,15,0.6807173159686338,0.6755885035841813,0.0,1.0,0.0,0.0885483616917468
EtriActivity3D,TANet,3D-Sampled-Occl-Sens-NEW,3D-Sampled-Occl-Sens,16,0.06074152943315649,0.8674187004778852,8.63661257638873,1.0,0.0,0.06396693579392541
EtriActivity3D,TANet,3D-Sampled-Occl-Sens-NEW,3D-Sampled-Occl-Sens,17,0.6596886913781118,0.16039506194550313,9.021081464832209,1.0,0.0,0.23805997693194925
EtriActivity3D,TANet,3D-Sampled-Occl-Sens-NEW,3D-Sampled-Occl-Sens,18,0.32404501527534607,0.19909809621820446,0.0,1.0,0.0,0.159720492118416
EtriActivity3D,TANet,3D-Sampled-Occl-Sens-NEW,3D-Sampled-Occl-Sens,19,0.46231402611667816,0.9364524093005353,87.92465793313245,0.0,0.0,0.1703844675124952
EtriActivity3D,TANet,3D-Sampled-Occl-Sens-NEW,3D-Sampled-Occl-Sens,20,0.07637730454427576,0.8753467248372999,90.36735261872346,1.0,0.0,0.11880026912725875
EtriActivity3D,TANet,3D-Sampled-Occl-Sens-NEW,3D-Sampled-Occl-Sens,21,0.25488013218177097,0.8961748166506301,87.57437154147371,1.0,0.0,0.096537624985132
EtriActivity3D,TANet,3D-Sampled-Occl-Sens-NEW,3D-Sampled-Occl-Sens,22,0.47759987008016686,0.01548345059285754,0.0,0.0,0.0,0.16482622068435218
EtriActivity3D,TANet,3D-Sampled-Occl-Sens-NEW,3D-Sampled-Occl-Sens,23,0.4244856775167046,0.568381486033472,99.99788957782316,0.0,0.0,0.20914071510957324
EtriActivity3D,TANet,3D-Sampled-Occl-Sens-NEW,3D-Sampled-Occl-Sens,24,0.6676684093710292,0.8944701578443506,3.1928927095209008,1.0,0.0,0.25955786236063055
EtriActivity3D,TANet,3D-Sampled-Occl-Sens-NEW,3D-Sampled-Occl-Sens,25,0.1949564719035244,0.8698563673781252,0.004547834667434375,1.0,0.0,0.25371011149557865
EtriActivity3D,TANet,3D-Sampled-Occl-Sens-NEW,3D-Sampled-Occl-Sens,26,0.2821895946162246,0.5617348179871818,99.58428144689655,0.0,0.0,0.027871011149557864
EtriActivity3D,TANet,3D-Sampled-Occl-Sens-NEW,3D-Sampled-Occl-Sens,27,0.02948287529253109,0.6741106863571126,0.0,1.0,0.0,0.2738760092272203
EtriActivity3D,TANet,3D-Sampled-Occl-Sens-NEW,3D-Sampled-Occl-Sens,28,0.505030239341018,0.49560548691855333,99.90856051445007,0.0,0.0,0.12051734273956496
EtriActivity3D,TANet,3D-Sampled-Occl-Sens-NEW,3D-Sampled-Occl-Sens,29,0.25491286600381813,0.6500387218850389,99.57968383032038,1.0,0.0,0.14693329488658208
EtriActivity3D,TANet,LV-LOCO-NEW,LV-LOCO,0,0.030083163209017983,0.9001030613429987,93.37933833855074,1.0,0.0,0.10774116187143146
EtriActivity3D,TANet,LV-LOCO-NEW,LV-LOCO,1,0.08129001057394199,0.9950578989596423,59.32285991835784,1.0,0.0,0.0896545986782927
EtriActivity3D,TANet,LV-LOCO-NEW,LV-LOCO,2,0.043492266640733766,0.6954344696942827,61.89320204920132,1.0,1.0,0.6234729764996831
EtriActivity3D,TANet,LV-LOCO-NEW,LV-LOCO,3,0.02513425953723713,0.7127835240129142,44.66579649908913,0.0,0.0,0.46578778543893007
EtriActivity3D,TANet,LV-LOCO-NEW,LV-LOCO,4,0.19065158245689384,0.8949970149772634,97.72648532132088,0.0,0.0,0.038006945798225285
EtriActivity3D,TANet,LV-LOCO-NEW,LV-LOCO,5,0.16226636640077352,0.7820798243800011,48.706870203897545,0.0,0.0,0.08586411911396373
EtriActivity3D,TANet,LV-LOCO-NEW,LV-LOCO,6,0.04628496275645391,0.8160500845770703,81.3615832036629,1.0,0.0,0.23910402445533102
EtriActivity3D,TANet,LV-LOCO-NEW,LV-LOCO,7,0.025959704735990952,0.9707307251975841,49.27304705068508,0.0,0.0,0.16550654549360383
EtriActivity3D,TANet,LV-LOCO-NEW,LV-LOCO,8,0.3562582912490431,0.5033404914038185,82.6102614402771,1.0,0.0,0.07344678794961401
EtriActivity3D,TANet,LV-LOCO-NEW,LV-LOCO,9,0.021028347360863526,0.8416254738411236,98.11122854171632,1.0,0.0,0.32853640143403867
EtriActivity3D,TANet,LV-LOCO-NEW,LV-LOCO,10,0.5464929572861157,0.9522049320664556,7.5942705747465755,1.0,0.0,0.2956960477427244
EtriActivity3D,TANet,LV-LOCO-NEW,LV-LOCO,11,0.3584972343806793,0.9428435224115744,41.437240755675894,1.0,1.0,0.5134179396227706
EtriActivity3D,TANet,LV-LOCO-NEW,LV-LOCO,12,0.45929917347379795,0.9879891976918312,0.5012452602386475,1.0,0.0,0.12944625029022522
EtriActivity3D,TANet,LV-LOCO-NEW,LV-LOCO,13,0.5556947610852457,0.6559599852606646,76.99378728866577,0.0,0.0,0.3887710816323424
EtriActivity3D,TANet,LV-LOCO-NEW,LV-LOCO,14,0.09718078287719366,0.5083096567597349,54.695159756560294,1.0,1.0,0.5381841274430588
EtriActivity3D,TANet,LV-LOCO-NEW,LV-LOCO,15,0.6762922017160585,0.5766868219483559,70.68169702260496,0.0,0.0,0.28876113734663067
EtriActivity3D,TANet,LV-LOCO-NEW,LV-LOCO,16,0.107358534987776,0.928050014650016,68.44459079448977,1.0,1.0,0.590965624524316
EtriActivity3D,TANet,LV-LOCO-NEW,LV-LOCO,17,0.17062155136708493,0.8157898359234441,8.25437953940575,1.0,0.0,0.45767216578626574
EtriActivity3D,TANet,LV-LOCO-NEW,LV-LOCO,18,0.3021030512659423,0.7627476489408966,71.37470866951789,0.0,0.0,0.2818634853183721
EtriActivity3D,TANet,LV-LOCO-NEW,LV-LOCO,19,0.8152852727304662,0.42598227889274365,84.2832089476394,0.0,0.0,0.18900006567685113
EtriActivity3D,TANet,LV-LOCO-NEW,LV-LOCO,20,0.13193065681543742,0.9122589677506077,76.79190871860028,1.0,1.0,0.5463479796243916
EtriActivity3D,TANet,LV-LOCO-NEW,LV-LOCO,21,0.153309689584216,0.9469053054932554,21.400435275820733,1.0,0.0,0.4755759546188917
EtriActivity3D,TANet,LV-LOCO-NEW,LV-LOCO,22,0.2889572637756682,0.47876371526563377,0.0,1.0,0.0,0.26494779205845803
EtriActivity3D,TANet,LV-LOCO-NEW,LV-LOCO,23,0.14292902846841773,0.9522581073107712,97.17506279847346,0.0,0.0,0.2983257902832039
EtriActivity3D,TANet,LV-LOCO-NEW,LV-LOCO,24,0.09513560191722381,0.9384256297221111,96.21884390269766,1.0,0.0,0.20538143069018114
EtriActivity3D,TANet,LV-LOCO-NEW,LV-LOCO,25,0.23231249417662989,0.940207969760722,0.0793337869247071,0.0,0.0,0.41529363842954536
EtriActivity3D,TANet,LV-LOCO-NEW,LV-LOCO,26,0.3025840426359817,0.7584572777762597,99.86534328640226,0.0,0.0,0.034488262548960556
EtriActivity3D,TANet,LV-LOCO-NEW,LV-LOCO,27,0.08019082026074083,0.9121239553486162,0.0,1.0,1.0,0.7809523339431991
EtriActivity3D,TANet,LV-LOCO-NEW,LV-LOCO,28,0.5174003737841034,0.4868745831987477,96.36967182159424,0.0,0.0,0.06339703433510427
EtriActivity3D,TANet,LV-LOCO-NEW,LV-LOCO,29,0.14865289770632445,0.9206976019725499,99.27341746761888,1.0,1.0,0.5435370385010673
EtriActivity3D,TANet,LV-Univ-Pred-NEW,LV-Univ-Pred,0,0.4684628217662448,0.7073045678181868,99.9988615474848,0.0,0.0,0.44819937669493826
EtriActivity3D,TANet,LV-Univ-Pred-NEW,LV-Univ-Pred,1,0.6909244659842181,0.33555651885377197,99.61991802642059,0.0,0.0,0.0
EtriActivity3D,TANet,LV-Univ-Pred-NEW,LV-Univ-Pred,2,0.0487119141421772,0.794753247077972,99.59492322812426,0.0,0.0,0.3406326604632548
EtriActivity3D,TANet,LV-Univ-Pred-NEW,LV-Univ-Pred,3,0.12917685301175727,0.47656220051150383,45.025218613813145,1.0,0.0,0.3099339513691628
EtriActivity3D,TANet,LV-Univ-Pred-NEW,LV-Univ-Pred,4,0.13689356695691218,0.9126647527726605,4.9058720837665675,0.0,0.0,0.02286366429637433
EtriActivity3D,TANet,LV-Univ-Pred-NEW,LV-Univ-Pred,5,0.252819127859269,0.39972575600589666,99.92777344221027,0.0,0.0,0.029201473728546812
EtriActivity3D,TANet,LV-Univ-Pred-NEW,LV-Univ-Pred,6,0.5885627746555494,0.2694495324017288,99.99864234920798,0.0,0.0,0.039572924525751584
EtriActivity3D,TANet,LV-Univ-Pred-NEW,LV-Univ-Pred,7,0.8045125861574914,0.20875574583568718,99.99943967055013,0.0,0.0,0.04981560223674839
EtriActivity3D,TANet,LV-Univ-Pred-NEW,LV-Univ-Pred,8,0.33714569812005263,0.5452678937476214,95.75977921485901,1.0,0.0,0.1582831079603504
EtriActivity3D,TANet,LV-Univ-Pred-NEW,LV-Univ-Pred,9,0.5511040556705601,0.3009184311680909,99.9786082922087,0.0,0.0,0.03994100247434978
EtriActivity3D,TANet,LV-Univ-Pred-NEW,LV-Univ-Pred,10,0.6898851753661787,0.37130143006990546,99.95701887394459,0.0,0.0,0.18575563038434545
EtriActivity3D,TANet,LV-Univ-Pred-NEW,LV-Univ-Pred,11,0.41711388252813714,0.8449859081594537,88.20363506030135,0.0,0.0,0.33525237594126583
EtriActivity3D,TANet,LV-Univ-Pred-NEW,LV-Univ-Pred,12,0.09384239723933127,0.9969686784154024,0.0,1.0,0.0,0.31737074881805705
EtriActivity3D,TANet,LV-Univ-Pred-NEW,LV-Univ-Pred,13,0.6344614868128169,0.39199822793856653,99.72003102302551,1.0,0.0,0.1323638953192901
EtriActivity3D,TANet,LV-Univ-Pred-NEW,LV-Univ-Pred,14,0.7346893316403145,0.2856163590035297,98.77187595032167,0.0,0.0,0.0
EtriActivity3D,TANet,LV-Univ-Pred-NEW,LV-Univ-Pred,15,0.6587728744633634,0.5241087216455983,71.22735986543613,0.0,0.0,0.10105174712034923
EtriActivity3D,TANet,LV-Univ-Pred-NEW,LV-Univ-Pred,16,0.0936023781332099,0.8779147056114467,50.0062562234664,1.0,0.0,0.4233547668060224
EtriActivity3D,TANet,LV-Univ-Pred-NEW,LV-Univ-Pred,17,0.5125622121593658,0.31688939722423126,99.8053530443182,1.0,0.0,0.07158138221623735
EtriActivity3D,TANet,LV-Univ-Pred-NEW,LV-Univ-Pred,18,0.32256835634587233,0.3489087348599017,96.88778593857432,1.0,0.0,0.3652975642748266
EtriActivity3D,TANet,LV-Univ-Pred-NEW,LV-Univ-Pred,19,0.703753690150451,0.6931777021189571,98.37256147541106,1.0,0.0,0.3616393436118804
EtriActivity3D,TANet,LV-Univ-Pred-NEW,LV-Univ-Pred,20,0.4612106667812199,0.7151484530513348,99.75902967826958,0.0,1.0,0.48163847577848345
EtriActivity3D,TANet,LV-Univ-Pred-NEW,LV-Univ-Pred,21,0.2910463345605276,0.7561946520297788,52.41921436946703,1.0,0.0,0.18687021161459372
EtriActivity3D,TANet,LV-Univ-Pred-NEW,LV-Univ-Pred,22,0.6542871423622444,0.1655644657539565,82.22554577019808,1.0,0.0,0.4503805039347106
EtriActivity3D,TANet,LV-Univ-Pred-NEW,LV-Univ-Pred,23,0.08720187269819196,0.945067491701686,0.0,0.0,0.0,0.27709205708898776
EtriActivity3D,TANet,LV-Univ-Pred-NEW,LV-Univ-Pred,24,0.0584410188748781,0.9249565333226114,0.009366547057394937,1.0,1.0,0.5722219269809216
EtriActivity3D,TANet,LV-Univ-Pred-NEW,LV-Univ-Pred,25,0.12787055112086548,0.9568921634934278,4.768371866248361e-05,1.0,1.0,0.6019225783382313
EtriActivity3D,TANet,LV-Univ-Pred-NEW,LV-Univ-Pred,26,0.30871956656332333,0.3538846581894299,99.52571820440627,0.0,0.0,0.013916765603121956
EtriActivity3D,TANet,LV-Univ-Pred-NEW,LV-Univ-Pred,27,0.07246892449483254,0.9326804916216214,0.0,1.0,1.0,0.88828003228441
EtriActivity3D,TANet,LV-Univ-Pred-NEW,LV-Univ-Pred,28,0.719603684197101,0.7308509197087674,99.99793767929077,0.0,0.0,0.13485728880658962
EtriActivity3D,TANet,LV-Univ-Pred-NEW,LV-Univ-Pred,29,0.6407936383463404,0.4320338676734442,99.88703991713307,1.0,0.0,0.2820409217233641
EtriActivity3D,TANet,SaliencyTubes,SaliencyTubes,0,0.02432752418875163,0.9040538393554647,15.925555934377451,0.0,0.0,0.3858114897893141
EtriActivity3D,TANet,SaliencyTubes,SaliencyTubes,1,0.05693892135578041,0.9072805189312237,3.068921717979581,1.0,0.0,0.3480524924925965
EtriActivity3D,TANet,SaliencyTubes,SaliencyTubes,2,0.006122426056675638,0.7143417439036754,87.55131910107588,0.0,0.0,0.1711688350092068
EtriActivity3D,TANet,SaliencyTubes,SaliencyTubes,3,0.01741535905851044,0.3737041326117993,41.56807788079484,0.0,0.0,0.2580010276149753
EtriActivity3D,TANet,SaliencyTubes,SaliencyTubes,4,0.014426410670702305,0.6784208725710303,23.82899467528477,0.0,0.0,0.0147806848662442
EtriActivity3D,TANet,SaliencyTubes,SaliencyTubes,5,0.01849715362657861,0.4873319820914617,61.20865673818286,0.0,0.0,0.07072679134508017
EtriActivity3D,TANet,SaliencyTubes,SaliencyTubes,6,0.024881894728002327,0.6911144335210343,38.243214884328154,0.0,0.0,0.0915552881776457
EtriActivity3D,TANet,SaliencyTubes,SaliencyTubes,7,0.029362436288896225,0.8985948037666821,37.063170290378814,0.0,0.0,0.14981592252331427
EtriActivity3D,TANet,SaliencyTubes,SaliencyTubes,8,0.1007975055882954,0.8893120715758823,26.988595724105835,0.0,0.0,0.16421197373725738
EtriActivity3D,TANet,SaliencyTubes,SaliencyTubes,9,0.06338405596173724,0.6957045972418597,35.793585957678715,0.0,0.0,0.21845009888355044
EtriActivity3D,TANet,SaliencyTubes,SaliencyTubes,10,0.21754083257966297,0.9068247519208399,5.688650734367755,0.0,0.0,0.2438525776505625
EtriActivity3D,TANet,SaliencyTubes,SaliencyTubes,11,0.19607385743362116,0.43875482096474405,65.53272040745564,1.0,0.0,0.35697265838189085
EtriActivity3D,TANet,SaliencyTubes,SaliencyTubes,12,0.07055739425545583,0.9648615897243933,0.0,1.0,0.0,0.3126779664716966
EtriActivity3D,TANet,SaliencyTubes,SaliencyTubes,13,0.2309946286318383,0.9103803688595328,0.08778572082519531,0.0,0.0,0.2021136898051292
EtriActivity3D,TANet,SaliencyTubes,SaliencyTubes,14,0.06152412802316492,0.8040961257781174,0.00019073488601862025,1.0,0.0,0.26119385668498835
EtriActivity3D,TANet,SaliencyTubes,SaliencyTubes,15,0.6265033844566242,0.9543014462950092,0.0,1.0,0.0,0.2735725374650856
EtriActivity3D,TANet,SaliencyTubes,SaliencyTubes,16,0.02171860517744053,0.841003659420794,4.332017568511671,0.0,0.0,0.2503913421953936
EtriActivity3D,TANet,SaliencyTubes,SaliencyTubes,17,0.04499087887659467,0.6854861020060293,8.350164279103574,1.0,0.0,0.31129615506152425
EtriActivity3D,TANet,SaliencyTubes,SaliencyTubes,18,0.09676967289000497,0.5431472979830464,2.7558283191440043,1.0,0.0,0.3319917807094432
EtriActivity3D,TANet,SaliencyTubes,SaliencyTubes,19,0.04631344289502052,0.6747730851890915,5.9608329167207864e-05,1.0,0.0,0.344218922649992
EtriActivity3D,TANet,SaliencyTubes,SaliencyTubes,20,0.021306537354958507,0.6629925217529118,3.1324280772118405,1.0,0.0,0.36745943753963495
EtriActivity3D,TANet,SaliencyTubes,SaliencyTubes,21,0.043033050616994986,0.8674474935828533,0.004971515125864576,1.0,0.0,0.31206351472627886
EtriActivity3D,TANet,SaliencyTubes,SaliencyTubes,22,0.0385085147746419,0.21279646451175427,0.0,1.0,0.0,0.27443428468158904
EtriActivity3D,TANet,SaliencyTubes,SaliencyTubes,23,0.17462312100617028,0.542579224417749,0.4439279010629314,1.0,0.0,0.360379253862597
EtriActivity3D,TANet,SaliencyTubes,SaliencyTubes,24,0.16008030236955528,0.82907524355669,32.929916291043426,1.0,0.0,0.46239253321086793
EtriActivity3D,TANet,SaliencyTubes,SaliencyTubes,25,0.18746596109792357,0.8162970511067639,0.017166138718494102,1.0,1.0,0.5278599694623384
EtriActivity3D,TANet,SaliencyTubes,SaliencyTubes,26,0.07940098696391043,0.851180160285718,0.3176482193942981,0.0,0.0,0.10404869956263625
EtriActivity3D,TANet,SaliencyTubes,SaliencyTubes,27,0.010231162112156264,0.48530361170688074,99.9012761211675,0.0,0.0,0.4323998805875914
EtriActivity3D,TANet,SaliencyTubes,SaliencyTubes,28,0.1621771162411246,0.8444339194406074,5.2733540534973145,0.0,0.0,0.04884449573459316
EtriActivity3D,TANet,SaliencyTubes,SaliencyTubes,29,0.03318855834536205,0.6760817022498318,3.0177274761660273,0.0,0.0,0.2860438647539167
EtriActivity3D,TANet,AOSA,AOSA,0,0.05918386738697236,0.9772140759852274,0.0037253027330012944,1.0,0.0,0.32622960596516454
EtriActivity3D,TANet,AOSA,AOSA,1,0.8425057254423023,0.28004590463376217,0.0024975589192925457,0.0,0.0,0.14670131313887128
EtriActivity3D,TANet,AOSA,AOSA,2,0.8659287150258255,0.08319359227200945,46.50203009217135,0.0,0.0,0.04212475970780469
EtriActivity3D,TANet,AOSA,AOSA,3,0.5299598993495684,0.1065129735900921,31.644283836349885,0.0,0.0,0.07755070286250541
EtriActivity3D,TANet,AOSA,AOSA,4,0.0852172019522674,0.8817316255513051,0.0,0.0,0.0,0.006180588374291115
EtriActivity3D,TANet,AOSA,AOSA,5,0.09424831186061701,0.5670418287828415,0.0,0.0,0.0,0.015323609711941365
EtriActivity3D,TANet,AOSA,AOSA,6,0.0457614724958989,0.8073286206576301,11.235917954774811,0.0,0.0,0.15986016130516115
EtriActivity3D,TANet,AOSA,AOSA,7,0.04235012970832587,0.9673268957346373,0.30086114887208365,1.0,0.0,0.12016751882823049
EtriActivity3D,TANet,AOSA,AOSA,8,0.740884347252067,0.31465809414085405,41.51350259780884,0.0,0.0,0.05747760111738912
EtriActivity3D,TANet,AOSA,AOSA,9,0.394913669958875,0.6247105993279706,77.69520723527947,0.0,0.0,0.09537857598718448
EtriActivity3D,TANet,AOSA,AOSA,10,0.4542601826347388,0.8053693951313846,17.311672801928694,0.0,0.0,0.2770944621219426
EtriActivity3D,TANet,AOSA,AOSA,11,0.2986896762169465,0.7596352141382817,69.56102606023983,0.0,0.0,0.33155314811185554
EtriActivity3D,TANet,AOSA,AOSA,12,0.05840005985948811,0.9896773344203387,0.0,1.0,0.0,0.3831489639728145
EtriActivity3D,TANet,AOSA,AOSA,13,0.4015853120406107,0.9714884163795909,0.551307201385498,0.0,0.0,0.02331164409281116
EtriActivity3D,TANet,AOSA,AOSA,14,0.08211094457925014,0.9347537780531081,4.1723256316573184e-05,1.0,0.0,0.4163628906491027
EtriActivity3D,TANet,AOSA,AOSA,15,0.8682832306711095,0.7422781026819659,0.0,0.0,0.0,0.1312825094935699
EtriActivity3D,TANet,AOSA,AOSA,16,0.9100638706166251,0.11559802824162482,7.014518715686783,0.0,0.0,0.06394507672646708
EtriActivity3D,TANet,AOSA,AOSA,17,0.021179942227760176,0.8240070683846842,7.521454625928996,1.0,0.0,0.1852838675467627
EtriActivity3D,TANet,AOSA,AOSA,18,0.3560806620231272,0.6049146817291162,61.47576603467204,0.0,0.0,0.29968223240718334
EtriActivity3D,TANet,AOSA,AOSA,19,0.12702527530922508,0.9551674189717196,0.0,1.0,0.0,0.320602165539747
EtriActivity3D,TANet,AOSA,AOSA,20,0.1363999060204531,0.9280771930022681,0.0,1.0,0.0,0.11862818827481873
EtriActivity3D,TANet,AOSA,AOSA,21,0.09629499053540015,0.9839449111676432,0.0,1.0,0.0,0.37390311902292056
EtriActivity3D,TANet,AOSA,AOSA,22,0.5502473862718726,0.25582516335452465,0.0,1.0,0.0,0.16450788651683712
EtriActivity3D,TANet,AOSA,AOSA,23,0.2918994558304195,0.7382349126899334,61.37193537934988,1.0,0.0,0.21795591318083396
EtriActivity3D,TANet,AOSA,AOSA,24,0.21115236620243016,0.850495124860471,0.5744915151456826,1.0,1.0,0.3921047009503731
EtriActivity3D,TANet,AOSA,AOSA,25,0.14230141451238082,0.9433134388513587,0.0003933906789654898,1.0,0.0,0.65357647904155
EtriActivity3D,TANet,AOSA,AOSA,26,0.09611211161399923,0.631321609658663,94.32207160690086,0.0,0.0,0.06895451116287939
EtriActivity3D,TANet,AOSA,AOSA,27,0.5157735890238119,0.3500168426027422,0.0,0.0,0.0,0.2728468008504167
EtriActivity3D,TANet,AOSA,AOSA,28,0.5279226879465602,0.5158058612716435,99.996817111969,0.0,0.0,0.12697904741795965
EtriActivity3D,TANet,AOSA,AOSA,29,0.163998561624354,0.8608986879301687,0.0,1.0,0.0,0.14693329488658208
EtriActivity3D,TANet,GradCAM,GradCAM,0,0.2772000274343967,0.8953699875482389,28.414695931850204,0.0,0.0,0.3048179206460129
EtriActivity3D,TANet,GradCAM,GradCAM,1,0.06758999481386285,0.9323076213366527,0.04915243639256881,1.0,0.0,0.34407462022798024
EtriActivity3D,TANet,GradCAM,GradCAM,2,0.0960572282401678,0.5687821645448154,65.9643864481706,0.0,0.0,0.10019360877351192
EtriActivity3D,TANet,GradCAM,GradCAM,3,0.02975106489896511,0.3970907070014024,42.643847586040366,1.0,0.0,0.2469806436347376
EtriActivity3D,TANet,GradCAM,GradCAM,4,0.041385747645129284,0.6422190532343661,24.835039112065928,0.0,0.0,0.022699250927767492
EtriActivity3D,TANet,GradCAM,GradCAM,5,0.036041887177486756,0.3354452043524285,78.45759359086927,0.0,0.0,0.04596361914199334
EtriActivity3D,TANet,GradCAM,GradCAM,6,0.03829892234848482,0.7000465817585109,0.5776019547988248,0.0,0.0,0.08153124347462935
EtriActivity3D,TANet,GradCAM,GradCAM,7,0.4580732462731333,0.6101702969183871,73.37847363277379,0.0,0.0,0.052592754637379356
EtriActivity3D,TANet,GradCAM,GradCAM,8,0.7226250397575025,0.6322601673443589,64.03429508209229,0.0,0.0,0.09326275971181223
EtriActivity3D,TANet,GradCAM,GradCAM,9,0.268452814103418,0.5818159873022701,44.61886244264386,0.0,0.0,0.17927098144495487
EtriActivity3D,TANet,GradCAM,GradCAM,10,0.4842228646191422,0.8820739996466432,15.656455145494421,0.0,0.0,0.21590965368726828
EtriActivity3D,TANet,GradCAM,GradCAM,11,0.25690387068329557,0.503958591786624,90.12316385743631,1.0,0.0,0.38504049916676353
EtriActivity3D,TANet,GradCAM,GradCAM,12,0.6859162600752642,0.3145722745524799,99.9967098236084,0.0,0.0,0.1420836683779716
EtriActivity3D,TANet,GradCAM,GradCAM,13,0.6625604468009073,0.33793889496158885,99.96726512908936,0.0,0.0,0.26505393228056406
EtriActivity3D,TANet,GradCAM,GradCAM,14,0.48907097605466743,0.777275845071947,14.551796263670475,0.0,0.0,0.15428994616405825
EtriActivity3D,TANet,GradCAM,GradCAM,15,0.5614982574815508,0.9582305351284058,0.0,1.0,0.0,0.2695514899833491
EtriActivity3D,TANet,GradCAM,GradCAM,16,0.02744602049689426,0.8489265916702143,14.506263482733878,0.0,0.0,0.31353617754600205
EtriActivity3D,TANet,GradCAM,GradCAM,17,0.08922353195759519,0.6370819077995603,14.20662900701945,0.0,0.0,0.3396904215453964
EtriActivity3D,TANet,GradCAM,GradCAM,18,0.19331596759947803,0.6656506351741432,1.0250241737490042,1.0,0.0,0.26629721887145574
EtriActivity3D,TANet,GradCAM,GradCAM,19,0.07316884588206357,0.7293731720320983,0.0,1.0,0.0,0.34102216001079333
EtriActivity3D,TANet,GradCAM,GradCAM,20,0.02993044292058471,0.6464355233043276,4.8115599957207795,1.0,0.0,0.3679352453122083
EtriActivity3D,TANet,GradCAM,GradCAM,21,0.5632589613529814,0.43648970530228065,76.85583261850417,0.0,0.0,0.12440248589386542
EtriActivity3D,TANet,GradCAM,GradCAM,22,0.040851436434929896,0.14207729713727837,0.0,1.0,0.0,0.27504848674798993
EtriActivity3D,TANet,GradCAM,GradCAM,23,0.12405460039627848,0.6765309480412244,0.0,1.0,0.0,0.3572579817944908
EtriActivity3D,TANet,GradCAM,GradCAM,24,0.12833340662000436,0.817589765963271,1.9483792675694933,1.0,0.0,0.4660379446185
EtriActivity3D,TANet,GradCAM,GradCAM,25,0.1297861129176218,0.7551805777076074,0.010234118117935545,1.0,1.0,0.5107423473326083
EtriActivity3D,TANet,GradCAM,GradCAM,26,0.09481271237771391,0.8234858699185145,3.8835804463741006,0.0,0.0,0.09973189053404508
EtriActivity3D,TANet,GradCAM,GradCAM,27,0.07551850446215919,0.4255908920514791,96.18973056019612,1.0,0.0,0.3606684412208003
EtriActivity3D,TANet,GradCAM,GradCAM,28,0.7752313377682485,0.38037769106174624,86.85302138328552,0.0,0.0,0.01960013305793235
EtriActivity3D,TANet,GradCAM,GradCAM,29,0.05342226573685733,0.7057774960843419,0.0,0.0,0.0,0.2965362944614335
Kinetics400,TANet,3D-Kernel-SHAP-NEW,3D-Kernel-SHAP,0,0.04391822341607581,0.3083183786836379,55.91700545259199,1.0,1.0,0.743924981957502
Kinetics400,TANet,3D-Kernel-SHAP-NEW,3D-Kernel-SHAP,1,0.07798559313420603,0.7592034905852183,0.0,0.0,0.0,0.010635746819169846
Kinetics400,TANet,3D-Kernel-SHAP-NEW,3D-Kernel-SHAP,2,0.21783044280849043,0.6054567948489994,0.0,0.0,0.0,0.0751888178205219
Kinetics400,TANet,3D-Kernel-SHAP-NEW,3D-Kernel-SHAP,3,0.18490906792186448,0.686969407289142,58.65389469696992,0.0,0.0,0.1792240665453181
Kinetics400,TANet,3D-Kernel-SHAP-NEW,3D-Kernel-SHAP,4,0.23149919245554218,0.6693305501976282,24.578589322298463,1.0,1.0,0.5898497592743414
Kinetics400,TANet,3D-Kernel-SHAP-NEW,3D-Kernel-SHAP,5,0.2511562400218177,0.4350951921028139,41.451190297025306,1.0,0.0,0.4690432588392753
Kinetics400,TANet,3D-Kernel-SHAP-NEW,3D-Kernel-SHAP,6,0.3841932536087251,0.6087006351193907,52.25834410991318,1.0,1.0,0.586239980255321
Kinetics400,TANet,3D-Kernel-SHAP-NEW,3D-Kernel-SHAP,7,0.13126329697287165,0.37603175171462266,45.04499609714643,0.0,0.0,0.0023132925002451346
Kinetics400,TANet,3D-Kernel-SHAP-NEW,3D-Kernel-SHAP,8,0.13036589481745015,0.6926931362743776,6.530385512882027,0.0,0.0,0.19594848135332565
Kinetics400,TANet,3D-Kernel-SHAP-NEW,3D-Kernel-SHAP,9,0.37727728808342015,0.5279224888752954,17.786142863625233,1.0,0.0,0.14547639234962537
Kinetics400,TANet,3D-Kernel-SHAP-NEW,3D-Kernel-SHAP,10,0.160050575000022,0.4276783263557714,98.56005356428577,1.0,0.0,0.5087733362098774
Kinetics400,TANet,3D-Kernel-SHAP-NEW,3D-Kernel-SHAP,11,0.04095953409675418,0.23146154281292985,67.42470826978325,0.0,0.0,0.2402526668358855
Kinetics400,TANet,3D-Kernel-SHAP-NEW,3D-Kernel-SHAP,12,0.1587542654550743,0.9390877454272915,10.64264981279574,1.0,0.0,0.4385137784437362
Kinetics400,TANet,3D-Kernel-SHAP-NEW,3D-Kernel-SHAP,13,0.4417179189092335,0.6375842209520907,47.34781842835611,1.0,1.0,0.7078504098156385
Kinetics400,TANet,3D-Kernel-SHAP-NEW,3D-Kernel-SHAP,14,0.32380022505423744,0.6789256208680369,4.949155715112236,1.0,1.0,0.7472030717811701
Kinetics400,TANet,3D-Kernel-SHAP-NEW,3D-Kernel-SHAP,15,0.10659289595975406,0.7163988747932539,13.186586454463358,1.0,1.0,0.47442294412852193
Kinetics400,TANet,3D-Kernel-SHAP-NEW,3D-Kernel-SHAP,16,0.011763935118836666,0.3389677468464527,90.58643251037735,0.0,0.0,0.0
Kinetics400,TANet,3D-Kernel-SHAP-NEW,3D-Kernel-SHAP,17,0.14812730434582053,0.5232071252574895,46.34107842979152,0.0,0.0,0.024636807939582926
Kinetics400,TANet,3D-Kernel-SHAP-NEW,3D-Kernel-SHAP,18,0.258298299371184,0.5602737713305878,0.0,1.0,1.0,0.7827589226333712
Kinetics400,TANet,3D-Kernel-SHAP-NEW,3D-Kernel-SHAP,19,0.18034934705834726,0.409229098450688,37.176489847840045,0.0,0.0,0.2172212147605141
Kinetics400,TANet,3D-Kernel-SHAP-NEW,3D-Kernel-SHAP,20,0.14495797310845204,0.5804141125363425,48.32746862367999,0.0,0.0,0.2071985336853538
Kinetics400,TANet,3D-Kernel-SHAP-NEW,3D-Kernel-SHAP,21,0.10795634980184324,0.23378835872792642,80.93257849122816,0.0,0.0,0.20475090639080964
Kinetics400,TANet,3D-Kernel-SHAP-NEW,3D-Kernel-SHAP,22,0.28965111897184337,0.49635510409821204,3.4528181420876276,0.0,0.0,0.05304223097590519
Kinetics400,TANet,3D-Kernel-SHAP-NEW,3D-Kernel-SHAP,23,0.22322557992936348,0.7548729297154885,8.799664436071906,1.0,0.0,0.3218734128941665
Kinetics400,TANet,3D-Kernel-SHAP-NEW,3D-Kernel-SHAP,24,0.07081386541461472,0.09378721610843474,72.9572318264267,0.0,0.0,0.07409611047308048
Kinetics400,TANet,3D-Kernel-SHAP-NEW,3D-Kernel-SHAP,25,0.4683825062671203,0.8131423867441703,0.007302230849451424,0.0,0.0,0.012860501196958809
Kinetics400,TANet,3D-Kernel-SHAP-NEW,3D-Kernel-SHAP,26,0.04988958417334742,0.20212377152377103,5.782090647855551,1.0,1.0,0.5841692477863374
Kinetics400,TANet,3D-Kernel-SHAP-NEW,3D-Kernel-SHAP,27,0.13007986843268832,0.886327068896743,2.8409824792460765,1.0,0.0,0.42532382281018605
Kinetics400,TANet,3D-Kernel-SHAP-NEW,3D-Kernel-SHAP,28,0.49309402823406784,0.7712368845727189,0.0,1.0,1.0,0.5951255286428296
Kinetics400,TANet,3D-Kernel-SHAP-NEW,3D-Kernel-SHAP,29,0.14796903678170223,0.1853361935566587,56.5253653157358,0.0,0.0,0.28268570361466455
Kinetics400,TANet,3D-LIME-NEW,3D-LIME,0,0.04335254973403755,0.45581230645385745,89.972377903036,1.0,1.0,0.7488371896815577
Kinetics400,TANet,3D-LIME-NEW,3D-LIME,1,0.038369676074127,0.7919428924431291,0.0,0.0,0.0,0.014410761390898835
Kinetics400,TANet,3D-LIME-NEW,3D-LIME,2,0.1907071261326443,0.7177518296498258,25.987297940215292,0.0,0.0,0.07172473735661722
Kinetics400,TANet,3D-LIME-NEW,3D-LIME,3,0.12231399084189545,0.8004908141816459,84.34683509288466,0.0,0.0,0.1792240665453181
Kinetics400,TANet,3D-LIME-NEW,3D-LIME,4,0.1665715493410564,0.8085373484981873,1.4959416975222821,1.0,1.0,0.5898497592743414
Kinetics400,TANet,3D-LIME-NEW,3D-LIME,5,0.29835361498366086,0.5914159716397579,25.67322898753821,1.0,0.0,0.46661841638435525
Kinetics400,TANet,3D-LIME-NEW,3D-LIME,6,0.3268215571918278,0.8362605191252918,26.89833136000547,1.0,1.0,0.6653202614379085
Kinetics400,TANet,3D-LIME-NEW,3D-LIME,7,0.038954227462711266,0.5064600586605731,28.605475793330864,0.0,0.0,0.0022902729719338714
Kinetics400,TANet,3D-LIME-NEW,3D-LIME,8,0.06622613559340065,0.7551732031304969,0.0,1.0,0.0,0.19594848135332565
Kinetics400,TANet,3D-LIME-NEW,3D-LIME,9,0.21889947029124915,0.630397094519406,42.453828945577236,1.0,0.0,0.14547639234962537
Kinetics400,TANet,3D-LIME-NEW,3D-LIME,10,0.14457297529611507,0.4286012796268169,99.30853057146693,1.0,0.0,0.4036390760849515
Kinetics400,TANet,3D-LIME-NEW,3D-LIME,11,0.041018964357230646,0.2360952435024831,57.558113276457625,0.0,0.0,0.218664583996813
Kinetics400,TANet,3D-LIME-NEW,3D-LIME,12,0.1234573439296127,0.9442560674629696,0.14206594814937118,1.0,0.0,0.4403695014021464
Kinetics400,TANet,3D-LIME-NEW,3D-LIME,13,0.19887982979999463,0.6448453038180465,60.329273294483315,1.0,1.0,0.7078504098156385
Kinetics400,TANet,3D-LIME-NEW,3D-LIME,14,0.1720687245916114,0.8743082837256981,2.860031637768712,1.0,1.0,0.7472030717811701
Kinetics400,TANet,3D-LIME-NEW,3D-LIME,15,0.09767382016398729,0.7951439961897507,0.0,0.0,1.0,0.7023598356724181
Kinetics400,TANet,3D-LIME-NEW,3D-LIME,16,0.013952338293175801,0.5079994797662504,90.32195311920998,0.0,0.0,0.0
Kinetics400,TANet,3D-LIME-NEW,3D-LIME,17,0.084084772339335,0.6822287461689407,50.60244831349046,0.0,0.0,0.027162323880448407
Kinetics400,TANet,3D-LIME-NEW,3D-LIME,18,0.22974016060034713,0.5701485387135732,0.0,1.0,1.0,0.7827589226333712
Kinetics400,TANet,3D-LIME-NEW,3D-LIME,19,0.1544660046754862,0.4896332775844938,33.36116569862815,0.0,0.0,0.2172212147605141
Kinetics400,TANet,3D-LIME-NEW,3D-LIME,20,0.067798382536323,0.6404327856083925,0.0,1.0,0.0,0.2045006668735921
Kinetics400,TANet,3D-LIME-NEW,3D-LIME,21,0.08197475982402253,0.4823990079563826,38.53356444771533,0.0,0.0,0.20475090639080964
Kinetics400,TANet,3D-LIME-NEW,3D-LIME,22,0.2894032166553469,0.6057824792590779,31.87018235803077,0.0,0.0,0.053957305274760795
Kinetics400,TANet,3D-LIME-NEW,3D-LIME,23,0.1692540853910137,0.7879449784884824,13.585784460864815,1.0,0.0,0.30728489042675894
Kinetics400,TANet,3D-LIME-NEW,3D-LIME,24,0.06282815609016949,0.185738745499857,43.402926529994645,1.0,0.0,0.07409611047308048
Kinetics400,TANet,3D-LIME-NEW,3D-LIME,25,0.3785878049663438,0.8277404927247961,0.0,0.0,0.0,0.012395617070357554
Kinetics400,TANet,3D-LIME-NEW,3D-LIME,26,0.05560289608722385,0.30788634442426965,0.0,1.0,1.0,0.5841692477863374
Kinetics400,TANet,3D-LIME-NEW,3D-LIME,27,0.10904096195529409,0.8951062475075909,0.039303366016798166,1.0,0.0,0.22016027511531194
Kinetics400,TANet,3D-LIME-NEW,3D-LIME,28,0.4442043535960448,0.788493434488429,1.3315900824874605,1.0,1.0,0.5951255286428296
Kinetics400,TANet,3D-LIME-NEW,3D-LIME,29,0.08925341532647629,0.28398546870353636,13.380476018305691,0.0,0.0,0.28268570361466455
Kinetics400,TANet,3D-RISE-NEW,3D-RISE,0,0.07514492268616554,0.603271927240241,0.0,1.0,1.0,0.8052349119544719
Kinetics400,TANet,3D-RISE-NEW,3D-RISE,1,0.05306369439117499,0.8305205906176631,0.0,0.0,0.0,0.014966935793925414
Kinetics400,TANet,3D-RISE-NEW,3D-RISE,2,0.19017587243144415,0.6217446952803853,0.0,0.0,0.0,0.07172473735661722
Kinetics400,TANet,3D-RISE-NEW,3D-RISE,3,0.2643422004990188,0.8210691813056248,2.337317055902859,0.0,0.0,0.1792240665453181
Kinetics400,TANet,3D-RISE-NEW,3D-RISE,4,0.2388398514144866,0.8656717881769084,1.2278798576240766,1.0,1.0,0.5898497592743414
Kinetics400,TANet,3D-RISE-NEW,3D-RISE,5,0.32029544892780354,0.7301469470025175,23.91877138747505,0.0,0.0,0.46661841638435525
Kinetics400,TANet,3D-RISE-NEW,3D-RISE,6,0.5743874889633086,0.9004309696237998,0.0,1.0,1.0,0.6653202614379085
Kinetics400,TANet,3D-RISE-NEW,3D-RISE,7,0.08684881885539586,0.612424964301907,12.544233052937741,0.0,0.0,0.004413972501838391
Kinetics400,TANet,3D-RISE-NEW,3D-RISE,8,0.07707491616514368,0.7152401202502431,0.0,1.0,0.0,0.19594848135332565
Kinetics400,TANet,3D-RISE-NEW,3D-RISE,9,0.18755905307348947,0.8080132685912164,0.0,1.0,0.0,0.1463295192243769
Kinetics400,TANet,3D-RISE-NEW,3D-RISE,10,0.14808194343943779,0.46055576014650673,30.87374874568504,1.0,0.0,0.42502354420226834
Kinetics400,TANet,3D-RISE-NEW,3D-RISE,11,0.03396334518642751,0.15965419519706014,0.0,0.0,0.0,0.218664583996813
Kinetics400,TANet,3D-RISE-NEW,3D-RISE,12,0.130416006870808,0.9254532512168,0.0,1.0,0.0,0.4403695014021464
Kinetics400,TANet,3D-RISE-NEW,3D-RISE,13,0.21429883395666705,0.6063491236035222,0.0,1.0,1.0,0.7078504098156385
Kinetics400,TANet,3D-RISE-NEW,3D-RISE,14,0.17739339193548015,0.7660454836944679,0.007583049142868044,1.0,1.0,0.7472030717811701
Kinetics400,TANet,3D-RISE-NEW,3D-RISE,15,0.4740124762368445,0.8017049413885126,0.0,0.0,1.0,0.7023598356724181
Kinetics400,TANet,3D-RISE-NEW,3D-RISE,16,0.011031602347524306,0.51933374367298,54.646698884884884,0.0,0.0,0.0
Kinetics400,TANet,3D-RISE-NEW,3D-RISE,17,0.10688507608630692,0.7034833726187809,25.055886718007436,0.0,0.0,0.027305528251658988
Kinetics400,TANet,3D-RISE-NEW,3D-RISE,18,0.2553563222483299,0.4464309733822061,0.0,1.0,1.0,0.7827589226333712
Kinetics400,TANet,3D-RISE-NEW,3D-RISE,19,0.16774929543049688,0.652727718354652,0.0,0.0,0.0,0.2172212147605141
Kinetics400,TANet,3D-RISE-NEW,3D-RISE,20,0.07366568526143137,0.6404289132209676,0.0,1.0,0.0,0.2045006668735921
Kinetics400,TANet,3D-RISE-NEW,3D-RISE,21,0.1748720629863883,0.5609304867447519,15.993029012556818,1.0,0.0,0.20475090639080964
Kinetics400,TANet,3D-RISE-NEW,3D-RISE,22,0.31721793129158593,0.6374120514783154,0.05334516604384841,0.0,0.0,0.053957305274760795
Kinetics400,TANet,3D-RISE-NEW,3D-RISE,23,0.24436676485907602,0.7521861352817568,0.028066994269933542,0.0,0.0,0.30728489042675894
Kinetics400,TANet,3D-RISE-NEW,3D-RISE,24,0.08111811015430205,0.13547389533507667,0.0,0.0,0.0,0.07409611047308048
Kinetics400,TANet,3D-RISE-NEW,3D-RISE,25,0.4956328972710643,0.7761683161713444,0.0,0.0,0.0,0.012395617070357554
Kinetics400,TANet,3D-RISE-NEW,3D-RISE,26,0.05565297000550791,0.366366767457729,0.0,0.0,1.0,0.5841692477863374
Kinetics400,TANet,3D-RISE-NEW,3D-RISE,27,0.14049395017758634,0.865032429161328,0.04016167428286109,1.0,0.0,0.22016027511531194
Kinetics400,TANet,3D-RISE-NEW,3D-RISE,28,0.5421784722688702,0.6431292032140168,0.0,0.0,1.0,0.5951255286428296
Kinetics400,TANet,3D-RISE-NEW,3D-RISE,29,0.1771261930589405,0.255896971548033,8.31555713468409,1.0,0.0,0.28268570361466455
Kinetics400,TANet,3D-Sampled-Occl-Sens-NEW,3D-Sampled-Occl-Sens,0,0.08352455682412023,0.5220923547463455,0.0,1.0,1.0,0.7488371896815577
Kinetics400,TANet,3D-Sampled-Occl-Sens-NEW,3D-Sampled-Occl-Sens,1,0.04810378016109717,0.7563359765404394,0.0,0.0,0.0,0.014966935793925414
Kinetics400,TANet,3D-Sampled-Occl-Sens-NEW,3D-Sampled-Occl-Sens,2,0.2251993475317779,0.4397597792962141,0.0,0.0,0.0,0.07172473735661722
Kinetics400,TANet,3D-Sampled-Occl-Sens-NEW,3D-Sampled-Occl-Sens,3,0.6138849334665428,0.5702007479526459,95.7649903406652,0.0,0.0,0.1792240665453181
Kinetics400,TANet,3D-Sampled-Occl-Sens-NEW,3D-Sampled-Occl-Sens,4,0.4862540319039906,0.5968255688997209,0.12077953171383303,1.0,1.0,0.5898497592743414
Kinetics400,TANet,3D-Sampled-Occl-Sens-NEW,3D-Sampled-Occl-Sens,5,0.293064041532927,0.38390212208373603,20.97705757687155,1.0,0.0,0.46661841638435525
Kinetics400,TANet,3D-Sampled-Occl-Sens-NEW,3D-Sampled-Occl-Sens,6,0.8294733693168244,0.5882197983214431,0.0,1.0,1.0,0.6653202614379085
Kinetics400,TANet,3D-Sampled-Occl-Sens-NEW,3D-Sampled-Occl-Sens,7,0.1672002512318641,0.27123336530752945,0.0,0.0,0.0,0.0022902729719338714
Kinetics400,TANet,3D-Sampled-Occl-Sens-NEW,3D-Sampled-Occl-Sens,8,0.2313212469429083,0.6004486722806707,0.0,1.0,0.0,0.19594848135332565
Kinetics400,TANet,3D-Sampled-Occl-Sens-NEW,3D-Sampled-Occl-Sens,9,0.3278275269147309,0.6182760056500041,0.0,0.0,0.0,0.14547639234962537
Kinetics400,TANet,3D-Sampled-Occl-Sens-NEW,3D-Sampled-Occl-Sens,10,0.32217361008941736,0.5280394437531534,22.5421987291658,0.0,0.0,0.4036390760849515
Kinetics400,TANet,3D-Sampled-Occl-Sens-NEW,3D-Sampled-Occl-Sens,11,0.031208908224764992,0.1540245759431651,0.0,0.0,0.0,0.218664583996813
Kinetics400,TANet,3D-Sampled-Occl-Sens-NEW,3D-Sampled-Occl-Sens,12,0.733335066779277,0.7044634114762857,0.0,1.0,0.0,0.4403695014021464
Kinetics400,TANet,3D-Sampled-Occl-Sens-NEW,3D-Sampled-Occl-Sens,13,0.23629819196606716,0.447341700809718,0.0,0.0,1.0,0.7078504098156385
Kinetics400,TANet,3D-Sampled-Occl-Sens-NEW,3D-Sampled-Occl-Sens,14,0.10788327137766168,0.7905530705239969,0.01346706604853688,1.0,1.0,0.7472030717811701
Kinetics400,TANet,3D-Sampled-Occl-Sens-NEW,3D-Sampled-Occl-Sens,15,0.6061059332098498,0.6295184945243989,0.0,0.0,1.0,0.7023598356724181
Kinetics400,TANet,3D-Sampled-Occl-Sens-NEW,3D-Sampled-Occl-Sens,16,0.011810830953902198,0.6105012527970047,77.46404416532445,0.0,0.0,0.0
Kinetics400,TANet,3D-Sampled-Occl-Sens-NEW,3D-Sampled-Occl-Sens,17,0.24522395550279905,0.570821328272804,71.81987531806989,0.0,0.0,0.12044315073160759
Kinetics400,TANet,3D-Sampled-Occl-Sens-NEW,3D-Sampled-Occl-Sens,18,0.27326203385866144,0.40606845573219263,0.0,0.0,1.0,0.7827589226333712
Kinetics400,TANet,3D-Sampled-Occl-Sens-NEW,3D-Sampled-Occl-Sens,19,0.38507396170897046,0.3435912443755408,0.0,0.0,0.0,0.2172212147605141
Kinetics400,TANet,3D-Sampled-Occl-Sens-NEW,3D-Sampled-Occl-Sens,20,0.15369944806120647,0.6086212031996241,0.0,0.0,0.0,0.2045006668735921
Kinetics400,TANet,3D-Sampled-Occl-Sens-NEW,3D-Sampled-Occl-Sens,21,0.22773414531336442,0.3605050283689946,25.174204734951445,0.0,0.0,0.20475090639080964
Kinetics400,TANet,3D-Sampled-Occl-Sens-NEW,3D-Sampled-Occl-Sens,22,0.3720229472383051,0.5337967554802165,0.6315697290017775,0.0,0.0,0.053957305274760795
Kinetics400,TANet,3D-Sampled-Occl-Sens-NEW,3D-Sampled-Occl-Sens,23,0.37580256635954823,0.4296181340329803,0.26451413248873223,0.0,0.0,0.30728489042675894
Kinetics400,TANet,3D-Sampled-Occl-Sens-NEW,3D-Sampled-Occl-Sens,24,0.08404759424060487,0.32595303287268385,0.0,0.0,0.0,0.07409611047308048
Kinetics400,TANet,3D-Sampled-Occl-Sens-NEW,3D-Sampled-Occl-Sens,25,0.44982146592162436,0.716277034886965,0.0,0.0,0.0,0.012395617070357554
Kinetics400,TANet,3D-Sampled-Occl-Sens-NEW,3D-Sampled-Occl-Sens,26,0.06057549488015805,0.26189871733060677,0.0,1.0,1.0,0.5841692477863374
Kinetics400,TANet,3D-Sampled-Occl-Sens-NEW,3D-Sampled-Occl-Sens,27,0.2272529631554081,0.8077642329285489,20.16809848181361,0.0,0.0,0.1740444545915357
Kinetics400,TANet,3D-Sampled-Occl-Sens-NEW,3D-Sampled-Occl-Sens,28,0.6725572304483934,0.7470523820680756,0.0,1.0,1.0,0.5951255286428296
Kinetics400,TANet,3D-Sampled-Occl-Sens-NEW,3D-Sampled-Occl-Sens,29,0.19194782992849024,0.23837506459598867,6.155207843064767,1.0,0.0,0.28268570361466455
Kinetics400,TANet,LV-LOCO-NEW,LV-LOCO,0,0.05077008026430674,0.1958106846006457,96.40093062026672,1.0,1.0,0.8022694982782309
Kinetics400,TANet,LV-LOCO-NEW,LV-LOCO,1,0.11225979701449816,0.5710756259171049,39.168282876129624,0.0,0.0,0.010506389041457577
Kinetics400,TANet,LV-LOCO-NEW,LV-LOCO,2,0.2201934402765422,0.5559352734904375,28.934682075297186,0.0,0.0,0.07660183227248962
Kinetics400,TANet,LV-LOCO-NEW,LV-LOCO,3,0.1599354837807949,0.7933128978152287,98.73497515637607,0.0,0.0,0.2759141243742855
Kinetics400,TANet,LV-LOCO-NEW,LV-LOCO,4,0.6168063319174345,0.6000403762608663,91.66463044348261,1.0,1.0,0.571394396383052
Kinetics400,TANet,LV-LOCO-NEW,LV-LOCO,5,0.34927320825510383,0.32060102905839205,98.23857874908406,1.0,0.0,0.46418068815030833
Kinetics400,TANet,LV-LOCO-NEW,LV-LOCO,6,0.5465363294554885,0.4677370454159359,85.70261460820318,1.0,1.0,0.692081650407507
Kinetics400,TANet,LV-LOCO-NEW,LV-LOCO,7,0.20199611203601456,0.24858002877173407,95.02011273390404,0.0,0.0,0.00446176786791876
Kinetics400,TANet,LV-LOCO-NEW,LV-LOCO,8,0.15100272926891928,0.6963583853156355,96.76884355132412,0.0,0.0,0.20127781178818732
Kinetics400,TANet,LV-LOCO-NEW,LV-LOCO,9,0.30852034500994513,0.4519940773557506,99.68797033322049,0.0,0.0,0.13184933157270773
Kinetics400,TANet,LV-LOCO-NEW,LV-LOCO,10,0.2303628879159967,0.38706598155732774,96.81097936099468,1.0,0.0,0.4160540527586392
Kinetics400,TANet,LV-LOCO-NEW,LV-LOCO,11,0.03909690992933261,0.20196808560784094,78.61044596078713,0.0,0.0,0.21346798992981358
Kinetics400,TANet,LV-LOCO-NEW,LV-LOCO,12,0.4300948927531042,0.7809727742210032,99.8079406789209,1.0,0.0,0.4403695014021464
Kinetics400,TANet,LV-LOCO-NEW,LV-LOCO,13,0.5424443280034081,0.44642509181788936,99.79550007604068,1.0,1.0,0.7079196208882622
Kinetics400,TANet,LV-LOCO-NEW,LV-LOCO,14,0.1899501766669235,0.7651116139036135,99.14565505293677,1.0,1.0,0.6898189115778958
Kinetics400,TANet,LV-LOCO-NEW,LV-LOCO,15,0.40166305430083943,0.551771103458071,0.0,1.0,1.0,0.7001200927652794
Kinetics400,TANet,LV-LOCO-NEW,LV-LOCO,16,0.011818956076112925,0.5803513347860467,97.5664957559343,0.0,0.0,0.0
Kinetics400,TANet,LV-LOCO-NEW,LV-LOCO,17,0.2390465059083808,0.45511946630668815,91.87775829571716,1.0,0.0,0.027162323880448407
Kinetics400,TANet,LV-LOCO-NEW,LV-LOCO,18,0.35817836347627874,0.506943962360191,0.0,0.0,1.0,0.7827589226333712
Kinetics400,TANet,LV-LOCO-NEW,LV-LOCO,19,0.2034000998711544,0.32936331982919353,98.03121295214734,0.0,0.0,0.22974439029025956
Kinetics400,TANet,LV-LOCO-NEW,LV-LOCO,20,0.20495775797317956,0.4687403728196457,90.34672456723666,0.0,0.0,0.21663278860973992
Kinetics400,TANet,LV-LOCO-NEW,LV-LOCO,21,0.20228969141390835,0.29763190596576905,96.49995644376423,0.0,0.0,0.16635664225178753
Kinetics400,TANet,LV-LOCO-NEW,LV-LOCO,22,0.49357537773518195,0.33370297150488204,97.62092506850045,0.0,0.0,0.05075863631505217
Kinetics400,TANet,LV-LOCO-NEW,LV-LOCO,23,0.34134983095029364,0.7262108961745193,94.36630205606232,1.0,0.0,0.41418880377316597
Kinetics400,TANet,LV-LOCO-NEW,LV-LOCO,24,0.07198524083953659,0.08694819842788175,98.27161865899414,0.0,0.0,0.074722276971271
Kinetics400,TANet,LV-LOCO-NEW,LV-LOCO,25,0.45631621362634794,0.7900060789576666,39.231067920785975,0.0,0.0,0.0022724480692506554
Kinetics400,TANet,LV-LOCO-NEW,LV-LOCO,26,0.04646473473942331,0.22510880706581754,21.336456792746816,1.0,1.0,0.5841692477863374
Kinetics400,TANet,LV-LOCO-NEW,LV-LOCO,27,0.2280926577535993,0.6974115767343204,21.80906467704453,1.0,0.0,0.24621638024110637
Kinetics400,TANet,LV-LOCO-NEW,LV-LOCO,28,0.5226412080951713,0.8201544250296484,0.0,1.0,1.0,0.5951255286428296
Kinetics400,TANet,LV-LOCO-NEW,LV-LOCO,29,0.19879349889484554,0.2408186530958326,72.45007590773272,1.0,0.0,0.291193314631846
Kinetics400,TANet,LV-Univ-Pred-NEW,LV-Univ-Pred,0,0.41097778408517455,0.28127542810822315,99.34250226584946,0.0,1.0,0.7599977058482082
Kinetics400,TANet,LV-Univ-Pred-NEW,LV-Univ-Pred,1,0.10227335583049929,0.6547627329446131,0.0,0.0,0.0,0.014359105870248608
Kinetics400,TANet,LV-Univ-Pred-NEW,LV-Univ-Pred,2,0.18173667594058274,0.7373233983722745,0.0,0.0,0.0,0.0716081711905983
Kinetics400,TANet,LV-Univ-Pred-NEW,LV-Univ-Pred,3,0.5253094664185187,0.4409053067905756,98.78958841106855,0.0,0.0,0.17807570019643978
Kinetics400,TANet,LV-Univ-Pred-NEW,LV-Univ-Pred,4,0.6331072258652894,0.31271125080468787,99.95567527330502,1.0,1.0,0.5542218495924174
Kinetics400,TANet,LV-Univ-Pred-NEW,LV-Univ-Pred,5,0.4795676162390272,0.3346284482375198,99.21798015883785,1.0,1.0,0.5069553464864672
Kinetics400,TANet,LV-Univ-Pred-NEW,LV-Univ-Pred,6,0.7563954041607749,0.4467278277679234,82.5485280235131,1.0,1.0,0.6653202614379085
Kinetics400,TANet,LV-Univ-Pred-NEW,LV-Univ-Pred,7,0.5767340319268616,0.13283414656388878,99.1903267368126,0.0,0.0,0.0023175381263616556
Kinetics400,TANet,LV-Univ-Pred-NEW,LV-Univ-Pred,8,0.5575088308483082,0.2705073437244565,98.80031991662375,0.0,0.0,0.19594848135332565
Kinetics400,TANet,LV-Univ-Pred-NEW,LV-Univ-Pred,9,0.6420336341680035,0.3037583429873286,99.83402203370231,1.0,0.0,0.158776304904657
Kinetics400,TANet,LV-Univ-Pred-NEW,LV-Univ-Pred,10,0.28635010378221926,0.26405153458430275,99.307805898857,0.0,0.0,0.3804721660582707
Kinetics400,TANet,LV-Univ-Pred-NEW,LV-Univ-Pred,11,0.10938673668451239,0.14367964018178808,99.81808688763661,0.0,0.0,0.21542654800038472
Kinetics400,TANet,LV-Univ-Pred-NEW,LV-Univ-Pred,12,0.7611636960330693,0.8087705974244431,99.88293971808551,1.0,0.0,0.4403695014021464
Kinetics400,TANet,LV-Univ-Pred-NEW,LV-Univ-Pred,13,0.5620120044957645,0.40740875324191944,99.77434938006246,0.0,1.0,0.7058893732660622
Kinetics400,TANet,LV-Univ-Pred-NEW,LV-Univ-Pred,14,0.4144380163498286,0.4189780162687408,23.568385004281858,1.0,1.0,0.7472030717811701
Kinetics400,TANet,LV-Univ-Pred-NEW,LV-Univ-Pred,15,0.14129683750958538,0.6881715028160902,0.0,1.0,1.0,0.6959577193278028
Kinetics400,TANet,LV-Univ-Pred-NEW,LV-Univ-Pred,16,0.024019393739255678,0.11897900541053849,99.72724458541168,0.0,0.0,0.0
Kinetics400,TANet,LV-Univ-Pred-NEW,LV-Univ-Pred,17,0.4137485629260581,0.236166762962725,99.3629928159087,0.0,0.0,0.027162323880448407
Kinetics400,TANet,LV-Univ-Pred-NEW,LV-Univ-Pred,18,0.34224531900338206,0.2728320041363881,99.55797903297922,1.0,1.0,0.6980595345548887
Kinetics400,TANet,LV-Univ-Pred-NEW,LV-Univ-Pred,19,0.2705766212465334,0.36598716455533603,77.73409210913866,0.0,0.0,0.2172212147605141
Kinetics400,TANet,LV-Univ-Pred-NEW,LV-Univ-Pred,20,0.44115801127356247,0.124611351055864,99.30721068501529,1.0,0.0,0.2045006668735921
Kinetics400,TANet,LV-Univ-Pred-NEW,LV-Univ-Pred,21,0.38848431673063033,0.3986820218417951,94.49795515753398,0.0,0.0,0.15528514831624707
Kinetics400,TANet,LV-Univ-Pred-NEW,LV-Univ-Pred,22,0.5648029447088169,0.365138995040245,83.25829765240648,0.0,0.0,0.04067737227301598
Kinetics400,TANet,LV-Univ-Pred-NEW,LV-Univ-Pred,23,0.5125423085013388,0.3578606925821079,98.9212926484327,1.0,0.0,0.26718943226197506
Kinetics400,TANet,LV-Univ-Pred-NEW,LV-Univ-Pred,24,0.15492801641420578,0.1469189930627283,99.45170741158064,0.0,0.0,0.03654287605266188
Kinetics400,TANet,LV-Univ-Pred-NEW,LV-Univ-Pred,25,0.41680427954150134,0.8407982824513477,0.0367561554459703,0.0,0.0,0.01223849097196442
Kinetics400,TANet,LV-Univ-Pred-NEW,LV-Univ-Pred,26,0.0862715012600078,0.2667029917313007,98.77758999538109,1.0,1.0,0.5460175081724873
Kinetics400,TANet,LV-Univ-Pred-NEW,LV-Univ-Pred,27,0.5642660659472281,0.43615188881960026,99.93932833444268,0.0,0.0,0.19999799172177415
Kinetics400,TANet,LV-Univ-Pred-NEW,LV-Univ-Pred,28,0.4058966438131678,0.7373000955069237,0.0,0.0,1.0,0.5951255286428296
Kinetics400,TANet,LV-Univ-Pred-NEW,LV-Univ-Pred,29,0.14382005255834543,0.26296880632829484,70.73502742817013,0.0,0.0,0.2809424953609193
Kinetics400,TANet,SaliencyTubes,SaliencyTubes,0,0.07029215885214198,0.4612009702622516,68.17215967917468,1.0,1.0,0.6345920392458807
Kinetics400,TANet,SaliencyTubes,SaliencyTubes,1,0.536988453844929,0.52469432857069,0.0,0.0,0.0,0.01865643897106401
Kinetics400,TANet,SaliencyTubes,SaliencyTubes,2,0.29169600029644727,0.6968294209413767,0.0,0.0,0.0,0.0986199704881081
Kinetics400,TANet,SaliencyTubes,SaliencyTubes,3,0.34848974478136985,0.7599635268894986,82.93692172070288,1.0,0.0,0.291376311937632
Kinetics400,TANet,SaliencyTubes,SaliencyTubes,4,0.17046832830716036,0.8185335394644806,16.962684570476412,0.0,1.0,0.6076029803516837
Kinetics400,TANet,SaliencyTubes,SaliencyTubes,5,0.41816977941439754,0.6620585009744261,48.42056812041873,1.0,0.0,0.43947843544793297
Kinetics400,TANet,SaliencyTubes,SaliencyTubes,6,0.46381827814912313,0.8123349049806956,1.4390545401646855,1.0,1.0,0.7447218240031549
Kinetics400,TANet,SaliencyTubes,SaliencyTubes,7,0.040048660405751876,0.6779254266076382,8.581832109755252,0.0,0.0,0.0035497539097497266
Kinetics400,TANet,SaliencyTubes,SaliencyTubes,8,0.13020858843889718,0.6734102285818122,3.7807365236428265,1.0,0.0,0.26846968900819
Kinetics400,TANet,SaliencyTubes,SaliencyTubes,9,0.17082570177975845,0.7401347888500663,18.763509973220142,0.0,0.0,0.15816258799969402
Kinetics400,TANet,SaliencyTubes,SaliencyTubes,10,0.4949894319838312,0.4042220873369368,69.36448737483065,1.0,0.0,0.3872279420601718
Kinetics400,TANet,SaliencyTubes,SaliencyTubes,11,0.024548702941013627,0.16876304124569622,29.483170053574966,1.0,0.0,0.218664583996813
Kinetics400,TANet,SaliencyTubes,SaliencyTubes,12,0.07356627231839041,0.9006378921449302,0.0,0.0,0.0,0.5604370188132081
Kinetics400,TANet,SaliencyTubes,SaliencyTubes,13,0.10841237085290277,0.418253355940229,38.72484166366839,1.0,1.0,0.7078504098156385
Kinetics400,TANet,SaliencyTubes,SaliencyTubes,14,0.1436298048842673,0.8152394272268363,34.37017024004941,1.0,1.0,0.4674803282105892
Kinetics400,TANet,SaliencyTubes,SaliencyTubes,15,0.39853245671288096,0.5827691527153683,0.0,1.0,1.0,0.6071031380899717
Kinetics400,TANet,SaliencyTubes,SaliencyTubes,16,0.0071189613045623094,0.04258464793525604,99.0324212752571,0.0,0.0,0.0
Kinetics400,TANet,SaliencyTubes,SaliencyTubes,17,0.12900131189165087,0.6708178619470562,55.817771304390746,0.0,0.0,0.027162323880448407
Kinetics400,TANet,SaliencyTubes,SaliencyTubes,18,0.20874568576624242,0.5321846347025188,0.0,1.0,1.0,0.7800327529543711
Kinetics400,TANet,SaliencyTubes,SaliencyTubes,19,0.3132179783796875,0.6703133560398248,40.06036346899739,0.0,0.0,0.2746551503607033
Kinetics400,TANet,SaliencyTubes,SaliencyTubes,20,0.044550771832419137,0.557684754429107,0.0,0.0,0.0,0.23620959470226638
Kinetics400,TANet,SaliencyTubes,SaliencyTubes,21,0.38802494139627836,0.5763726402209691,67.55122614378955,0.0,0.0,0.19807531598169806
Kinetics400,TANet,SaliencyTubes,SaliencyTubes,22,0.5479113269401282,0.6363732768585663,0.6750941276350899,0.0,0.0,0.053957305274760795
Kinetics400,TANet,SaliencyTubes,SaliencyTubes,23,0.1725630496955334,0.8048345314431705,3.727985994641398,0.0,0.0,0.453657182486258
Kinetics400,TANet,SaliencyTubes,SaliencyTubes,24,0.04101197193409071,0.4285231582779231,90.4077989486209,0.0,0.0,0.06157053808679712
Kinetics400,TANet,SaliencyTubes,SaliencyTubes,25,0.8165968741522439,0.948391756680602,0.0,0.0,0.0,0.019138178546335004
Kinetics400,TANet,SaliencyTubes,SaliencyTubes,26,0.11087102908355284,0.3598566668175898,0.0,1.0,1.0,0.5315645229882342
Kinetics400,TANet,SaliencyTubes,SaliencyTubes,27,0.1090411447820743,0.7961975471292355,5.9947706376795304,1.0,0.0,0.3210545543324655
Kinetics400,TANet,SaliencyTubes,SaliencyTubes,28,0.7680145295318291,0.8837415973379824,0.0,1.0,1.0,0.5703288861232724
Kinetics400,TANet,SaliencyTubes,SaliencyTubes,29,0.19755211969418046,0.19214405022760556,70.84753222908145,0.0,0.0,0.3044106625228013
Kinetics400,TANet,AOSA,AOSA,0,0.08336617991943032,0.18285400812374014,17.404578231827127,1.0,1.0,0.7411928506794638
Kinetics400,TANet,AOSA,AOSA,1,0.05885596066462377,0.781261846408216,0.0,0.0,0.0,0.014966935793925414
Kinetics400,TANet,AOSA,AOSA,2,0.3501908090937818,0.8090758033349279,0.0,0.0,0.0,0.07150192938936567
Kinetics400,TANet,AOSA,AOSA,3,0.2531408157410355,0.8470286134096073,87.49192167738748,1.0,0.0,0.1792240665453181
Kinetics400,TANet,AOSA,AOSA,4,0.2493332165171758,0.7297313786267563,48.76833403145156,1.0,1.0,0.5898497592743414
Kinetics400,TANet,AOSA,AOSA,5,0.44840559934341684,0.41924699196641463,86.26950624076345,1.0,0.0,0.4725043496782431
Kinetics400,TANet,AOSA,AOSA,6,0.4497043201880371,0.8326233746521849,26.77669170325771,1.0,1.0,0.6653202614379085
Kinetics400,TANet,AOSA,AOSA,7,0.4447900711293786,0.3275280734078219,86.453319220934,0.0,0.0,0.0023192637690469587
Kinetics400,TANet,AOSA,AOSA,8,0.08552901866080148,0.7014697453598704,0.0,1.0,0.0,0.19594848135332565
Kinetics400,TANet,AOSA,AOSA,9,0.25199379098105307,0.6247891127746695,0.0,0.0,0.0,0.14547639234962537
Kinetics400,TANet,AOSA,AOSA,10,0.10779043167638767,0.29336419200710034,97.61621140939928,0.0,0.0,0.4036390760849515
Kinetics400,TANet,AOSA,AOSA,11,0.0898244408202335,0.11745345766754679,39.011381143567014,1.0,0.0,0.218664583996813
Kinetics400,TANet,AOSA,AOSA,12,0.16857848667035907,0.952259945154767,0.049574316995699405,1.0,0.0,0.43810832950159
Kinetics400,TANet,AOSA,AOSA,13,0.3535441613004017,0.5972316467079107,3.6178612582840612,1.0,1.0,0.7078504098156385
Kinetics400,TANet,AOSA,AOSA,14,0.17543764238344076,0.7748510596834522,89.10991874154769,1.0,1.0,0.7472030717811701
Kinetics400,TANet,AOSA,AOSA,15,0.6477363315373252,0.711928459780116,0.0,1.0,1.0,0.7023598356724181
Kinetics400,TANet,AOSA,AOSA,16,0.028558241973266993,0.3613762259177572,2.591343818838033,0.0,0.0,0.0
Kinetics400,TANet,AOSA,AOSA,17,0.1954123145081608,0.7828393600124253,56.33793499279441,0.0,0.0,0.027162323880448407
Kinetics400,TANet,AOSA,AOSA,18,0.24286307044687921,0.4491818905454093,0.0,1.0,1.0,0.7827589226333712
Kinetics400,TANet,AOSA,AOSA,19,0.3424626171379507,0.6273020112832396,88.68002128186325,0.0,0.0,0.2172212147605141
Kinetics400,TANet,AOSA,AOSA,20,0.15227918784770617,0.5970752937018705,0.0,0.0,0.0,0.20708707561561057
Kinetics400,TANet,AOSA,AOSA,21,0.2434218855616987,0.5602434487307724,69.23679339800631,1.0,0.0,0.20475090639080964
Kinetics400,TANet,AOSA,AOSA,22,0.29779098805318716,0.41515945377331614,46.179118133318234,0.0,0.0,0.053957305274760795
Kinetics400,TANet,AOSA,AOSA,23,0.3194735111847882,0.7325306092080084,75.10393223478195,0.0,0.0,0.30728489042675894
Kinetics400,TANet,AOSA,AOSA,24,0.08152774873239266,0.045022353451929335,9.15182669703934,0.0,0.0,0.07409611047308048
Kinetics400,TANet,AOSA,AOSA,25,0.3128592657452226,0.6887938974029009,0.0,0.0,0.0,0.012552523615551954
Kinetics400,TANet,AOSA,AOSA,26,0.036800762382910045,0.31225604109211785,0.0,0.0,1.0,0.5841692477863374
Kinetics400,TANet,AOSA,AOSA,27,0.16246480379896563,0.8228195715779422,76.68666664004321,1.0,0.0,0.22016027511531194
Kinetics400,TANet,AOSA,AOSA,28,0.5178275992431054,0.8268139429151373,0.0,1.0,1.0,0.590260429493773
Kinetics400,TANet,AOSA,AOSA,29,0.18473696070430162,0.19885803865692184,62.838885967593754,0.0,0.0,0.28268570361466455
Kinetics400,TANet,GradCAM,GradCAM,0,0.09054505975962641,0.4426456719785434,60.21436395988144,0.0,1.0,0.6983191383775261
Kinetics400,TANet,GradCAM,GradCAM,1,0.18684702973045636,0.8317410624816605,0.0,0.0,0.0,0.013651731994029965
Kinetics400,TANet,GradCAM,GradCAM,2,0.30206029688898267,0.6999882848787685,0.0,0.0,0.0,0.08295443959953334
Kinetics400,TANet,GradCAM,GradCAM,3,0.5825477909335747,0.7522408462422671,36.65615844953562,0.0,0.0,0.22759438261306458
Kinetics400,TANet,GradCAM,GradCAM,4,0.6023736838777731,0.43302664188079787,83.8010271641141,0.0,0.0,0.4556242916432812
Kinetics400,TANet,GradCAM,GradCAM,5,0.41956697986014735,0.663436978669047,35.39514555202199,1.0,0.0,0.46251392588235624
Kinetics400,TANet,GradCAM,GradCAM,6,0.4367926153510363,0.8240355861917563,1.799414857520915,1.0,1.0,0.7503587764099636
Kinetics400,TANet,GradCAM,GradCAM,7,0.037772274751031176,0.6322840727511738,0.0,0.0,0.0,0.004269144590846171
Kinetics400,TANet,GradCAM,GradCAM,8,0.13896850850484627,0.6727025664375963,10.948183621345605,0.0,0.0,0.300355709988509
Kinetics400,TANet,GradCAM,GradCAM,9,0.16160531717894822,0.6928585776513795,12.24324885576712,0.0,0.0,0.1447220689936519
Kinetics400,TANet,GradCAM,GradCAM,10,0.31967329618726825,0.40522564237196496,86.11869851873625,0.0,0.0,0.39585433711542367
Kinetics400,TANet,GradCAM,GradCAM,11,0.08831494851600685,0.0797215543261196,98.09325593298371,1.0,0.0,0.2398039224918516
Kinetics400,TANet,GradCAM,GradCAM,12,0.044414091848492925,0.8696176543584927,0.0,0.0,0.0,0.5407247879551125
Kinetics400,TANet,GradCAM,GradCAM,13,0.2185948300647364,0.5702447655954215,21.814883369878835,0.0,1.0,0.6402270759016127
Kinetics400,TANet,GradCAM,GradCAM,14,0.11809333107334694,0.7934843080066016,2.440466059446455,0.0,1.0,0.6107284532358491
Kinetics400,TANet,GradCAM,GradCAM,15,0.375081430717142,0.5659230545725584,0.0,0.0,1.0,0.5681692285309498
Kinetics400,TANet,GradCAM,GradCAM,16,0.007504538750005693,0.13806454203261023,94.7928748459753,0.0,0.0,0.0
Kinetics400,TANet,GradCAM,GradCAM,17,0.11791689745798893,0.6998891170126424,35.45369948204759,1.0,0.0,0.026356823695613936
Kinetics400,TANet,GradCAM,GradCAM,18,0.20319570746328613,0.6080371571416832,0.0,0.0,1.0,0.7622624495496269
Kinetics400,TANet,GradCAM,GradCAM,19,0.17001520274011644,0.7067214724798405,23.379341161283918,0.0,0.0,0.29416759514993235
Kinetics400,TANet,GradCAM,GradCAM,20,0.04283633732386671,0.6409314393109005,0.0,0.0,0.0,0.22550706501903123
Kinetics400,TANet,GradCAM,GradCAM,21,0.38473686628614984,0.47983979884849415,31.75937284492233,0.0,0.0,0.1913282876870317
Kinetics400,TANet,GradCAM,GradCAM,22,0.5224498055843906,0.6208349623413262,0.14318368252015706,0.0,0.0,0.06286079187319676
Kinetics400,TANet,GradCAM,GradCAM,23,0.1325653841899574,0.7909615138301888,1.8325934945977296,0.0,0.0,0.4427914798915071
Kinetics400,TANet,GradCAM,GradCAM,24,0.05545625452153538,0.2735876185877049,91.15587684574254,0.0,0.0,0.0641528121411119
Kinetics400,TANet,GradCAM,GradCAM,25,0.7273048019189261,0.9305382099970069,0.0,0.0,0.0,0.01487931583114254
Kinetics400,TANet,GradCAM,GradCAM,26,0.05846813627526792,0.35097561651945086,0.0,0.0,1.0,0.48643854753347027
Kinetics400,TANet,GradCAM,GradCAM,27,0.07682416595629549,0.8019272363520721,0.15434647603957968,1.0,0.0,0.3255548897192476
Kinetics400,TANet,GradCAM,GradCAM,28,0.7043703709835316,0.8587819667855822,0.0,0.0,1.0,0.565721483077188
Kinetics400,TANet,GradCAM,GradCAM,29,0.0969706132931057,0.2549118846521797,72.4627092448579,1.0,0.0,0.28924043786947
