dataset,model,method,video_class,video_name,sensitivity_n,random_correlation,reversed_correlation,n,n_subsets,seed
EtriActivity3D,TANet,3D-Kernel-SHAP-NEW,0,A001_P046_G002_C001.mp4,0.3901854500851753,0.20610018336425318,-0.3901854500851753,10,100,777
EtriActivity3D,TANet,3D-LIME-NEW,0,A001_P046_G002_C001.mp4,0.5327575413858462,0.20610018336425318,-0.5327575413858461,10,100,777
EtriActivity3D,TANet,3D-RISE-NEW,0,A001_P046_G002_C001.mp4,0.35768353992127067,-0.1052279014102826,-0.35768353992127055,10,100,777
EtriActivity3D,TANet,3D-Sampled-Occl-Sens-NEW,0,A001_P046_G002_C001.mp4,0.04511534949234317,-0.1052279014102826,-0.04511534949234318,10,100,777
EtriActivity3D,TANet,LV-LOCO-NEW,0,A001_P046_G002_C001.mp4,0.4938753692801113,0.20610018336425318,-0.4938753692801113,10,100,777
EtriActivity3D,TANet,LV-Univ-Pred-NEW,0,A001_P046_G002_C001.mp4,-0.07357048181154502,0.20610018336425318,0.073570481811545,10,100,777
EtriActivity3D,TANet,SaliencyTubes,0,A001_P046_G002_C001.mp4,0.3241626605939359,-0.1052279014102826,-0.32416266059393595,10,100,777
EtriActivity3D,TANet,AOSA,0,A001_P046_G002_C001.mp4,0.47952435244965375,-0.1052279014102826,-0.47952435244965375,10,100,777
EtriActivity3D,TANet,GradCAM,0,A001_P046_G002_C001.mp4,0.20021923350060863,-0.1052279014102826,-0.20021923350060858,10,100,777
EtriActivity3D,TANet,3D-Kernel-SHAP-NEW,1,A002_P065_G001_C001.mp4,0.4992013271186401,0.1380412541480812,-0.49920132711864007,10,100,777
EtriActivity3D,TANet,3D-LIME-NEW,1,A002_P065_G001_C001.mp4,0.5028012722927392,0.1380412541480812,-0.5028012722927392,10,100,777
EtriActivity3D,TANet,3D-RISE-NEW,1,A002_P065_G001_C001.mp4,0.5748726748520695,-0.22030011506434266,-0.5748726748520695,10,100,777
EtriActivity3D,TANet,3D-Sampled-Occl-Sens-NEW,1,A002_P065_G001_C001.mp4,0.1520181508775397,-0.22030011506434266,-0.15201815087753978,10,100,777
EtriActivity3D,TANet,LV-LOCO-NEW,1,A002_P065_G001_C001.mp4,0.40366542457738586,0.1380412541480812,-0.40366542457738586,10,100,777
EtriActivity3D,TANet,LV-Univ-Pred-NEW,1,A002_P065_G001_C001.mp4,-0.12684964639353632,0.1380412541480812,0.12684964639353632,10,100,777
EtriActivity3D,TANet,SaliencyTubes,1,A002_P065_G001_C001.mp4,0.4967657399989385,-0.22030011506434266,-0.4967657399989386,10,100,777
EtriActivity3D,TANet,AOSA,1,A002_P065_G001_C001.mp4,-0.09553325860727724,-0.22030011506434266,0.09553325860727724,10,100,777
EtriActivity3D,TANet,GradCAM,1,A002_P065_G001_C001.mp4,0.5053583194387185,-0.22030011506434266,-0.5053583194387185,10,100,777
EtriActivity3D,TANet,3D-Kernel-SHAP-NEW,1,A002_P096_G003_C004.mp4,0.9319398502596458,0.05097257624278096,-0.9319398502596458,10,100,777
EtriActivity3D,TANet,3D-LIME-NEW,1,A002_P096_G003_C004.mp4,0.941929609930324,0.05097257624278096,-0.9419296099303238,10,100,777
EtriActivity3D,TANet,3D-RISE-NEW,1,A002_P096_G003_C004.mp4,0.8386951021642725,-0.20087922261031935,-0.8386951021642725,10,100,777
EtriActivity3D,TANet,3D-Sampled-Occl-Sens-NEW,1,A002_P096_G003_C004.mp4,-0.10616878023721986,-0.20087922261031935,0.10616878023721993,10,100,777
EtriActivity3D,TANet,LV-LOCO-NEW,1,A002_P096_G003_C004.mp4,0.8929053187013253,0.05097257624278096,-0.8929053187013253,10,100,777
EtriActivity3D,TANet,LV-Univ-Pred-NEW,1,A002_P096_G003_C004.mp4,0.19745014854108778,0.05097257624278096,-0.19745014854108778,10,100,777
EtriActivity3D,TANet,SaliencyTubes,1,A002_P096_G003_C004.mp4,0.6723675671804374,-0.20087922261031935,-0.6723675671804374,10,100,777
EtriActivity3D,TANet,AOSA,1,A002_P096_G003_C004.mp4,-0.5208320523533954,-0.20087922261031935,0.5208320523533954,10,100,777
EtriActivity3D,TANet,GradCAM,1,A002_P096_G003_C004.mp4,0.6373116094226643,-0.20087922261031935,-0.6373116094226643,10,100,777
EtriActivity3D,TANet,3D-Kernel-SHAP-NEW,13,A014_P015_G003_C001.mp4,0.6137037438365748,0.07437908631023017,-0.6137037438365752,10,100,777
EtriActivity3D,TANet,3D-LIME-NEW,13,A014_P015_G003_C001.mp4,0.478470830857753,0.07437908631023017,-0.47847083085775294,10,100,777
EtriActivity3D,TANet,3D-RISE-NEW,13,A014_P015_G003_C001.mp4,0.7031002937584016,-0.11428786229548775,-0.7031002937584013,10,100,777
EtriActivity3D,TANet,3D-Sampled-Occl-Sens-NEW,13,A014_P015_G003_C001.mp4,0.13839040620317736,-0.11428786229548775,-0.13839040620317736,10,100,777
EtriActivity3D,TANet,LV-LOCO-NEW,13,A014_P015_G003_C001.mp4,0.8627392106708183,0.07437908631023017,-0.862739210670818,10,100,777
EtriActivity3D,TANet,LV-Univ-Pred-NEW,13,A014_P015_G003_C001.mp4,0.005605154061381775,0.07437908631023017,-0.005605154061381755,10,100,777
EtriActivity3D,TANet,SaliencyTubes,13,A014_P015_G003_C001.mp4,0.5528156830766868,-0.11428786229548775,-0.5528156830766868,10,100,777
EtriActivity3D,TANet,AOSA,13,A014_P015_G003_C001.mp4,-0.43269292391082537,-0.11428786229548775,0.4326929239108252,10,100,777
EtriActivity3D,TANet,GradCAM,13,A014_P015_G003_C001.mp4,0.4860791223195024,-0.11428786229548775,-0.4860791223195023,10,100,777
EtriActivity3D,TANet,3D-Kernel-SHAP-NEW,14,A015_P013_G002_C008.mp4,0.6838825829736884,-0.06603229584110747,-0.6838825829736883,10,100,777
EtriActivity3D,TANet,3D-LIME-NEW,14,A015_P013_G002_C008.mp4,0.733235907776962,-0.06603229584110747,-0.7332359077769621,10,100,777
EtriActivity3D,TANet,3D-RISE-NEW,14,A015_P013_G002_C008.mp4,0.8158035808454984,0.061943790902755834,-0.8158035808454986,10,100,777
EtriActivity3D,TANet,3D-Sampled-Occl-Sens-NEW,14,A015_P013_G002_C008.mp4,0.18123376838501223,0.061943790902755834,-0.18123376838501223,10,100,777
EtriActivity3D,TANet,LV-LOCO-NEW,14,A015_P013_G002_C008.mp4,0.8285314838123266,-0.06603229584110747,-0.8285314838123267,10,100,777
EtriActivity3D,TANet,LV-Univ-Pred-NEW,14,A015_P013_G002_C008.mp4,0.3743676551876349,-0.06603229584110747,-0.37436765518763493,10,100,777
EtriActivity3D,TANet,SaliencyTubes,14,A015_P013_G002_C008.mp4,0.727784956767557,0.061943790902755834,-0.7277849567675572,10,100,777
EtriActivity3D,TANet,AOSA,14,A015_P013_G002_C008.mp4,0.6234593698199159,0.061943790902755834,-0.6234593698199159,10,100,777
EtriActivity3D,TANet,GradCAM,14,A015_P013_G002_C008.mp4,0.6948602757685499,0.061943790902755834,-0.6948602757685497,10,100,777
EtriActivity3D,TANet,3D-Kernel-SHAP-NEW,14,A015_P035_G002_C004.mp4,0.27018873873842536,0.013526949860386182,-0.2701887387384252,10,100,777
EtriActivity3D,TANet,3D-LIME-NEW,14,A015_P035_G002_C004.mp4,0.2294253542512272,0.013526949860386182,-0.22942535425122715,10,100,777
EtriActivity3D,TANet,3D-RISE-NEW,14,A015_P035_G002_C004.mp4,-0.2044502874286401,0.10186541038622648,0.2044502874286401,10,100,777
EtriActivity3D,TANet,3D-Sampled-Occl-Sens-NEW,14,A015_P035_G002_C004.mp4,0.08665089904624003,0.10186541038622648,-0.08665089904624003,10,100,777
EtriActivity3D,TANet,LV-LOCO-NEW,14,A015_P035_G002_C004.mp4,0.3301283320923213,0.013526949860386182,-0.33012833209232134,10,100,777
EtriActivity3D,TANet,LV-Univ-Pred-NEW,14,A015_P035_G002_C004.mp4,0.1549457888219753,0.013526949860386182,-0.1549457888219753,10,100,777
EtriActivity3D,TANet,SaliencyTubes,14,A015_P035_G002_C004.mp4,-0.18130054849371396,0.10186541038622648,0.18130054849371413,10,100,777
EtriActivity3D,TANet,AOSA,14,A015_P035_G002_C004.mp4,-0.24499774974538924,0.10186541038622648,0.24499774974538924,10,100,777
EtriActivity3D,TANet,GradCAM,14,A015_P035_G002_C004.mp4,-0.0014766088994380682,0.10186541038622648,0.0014766088994380764,10,100,777
EtriActivity3D,TANet,3D-Kernel-SHAP-NEW,15,A016_P021_G002_C006.mp4,0.8439645460838969,-0.044915012955542524,-0.843964546083897,10,100,777
EtriActivity3D,TANet,3D-LIME-NEW,15,A016_P021_G002_C006.mp4,0.8356241079723712,-0.044915012955542524,-0.8356241079723711,10,100,777
EtriActivity3D,TANet,3D-RISE-NEW,15,A016_P021_G002_C006.mp4,0.47212295999003034,-0.35561774354423936,-0.4721229599900306,10,100,777
EtriActivity3D,TANet,3D-Sampled-Occl-Sens-NEW,15,A016_P021_G002_C006.mp4,-0.02889318922429283,-0.35561774354423936,0.02889318922429281,10,100,777
EtriActivity3D,TANet,LV-LOCO-NEW,15,A016_P021_G002_C006.mp4,0.9624968014220184,-0.044915012955542524,-0.9624968014220183,10,100,777
EtriActivity3D,TANet,LV-Univ-Pred-NEW,15,A016_P021_G002_C006.mp4,-0.06619089639363314,-0.044915012955542524,0.06619089639363308,10,100,777
EtriActivity3D,TANet,SaliencyTubes,15,A016_P021_G002_C006.mp4,0.1964665362577673,-0.35561774354423936,-0.1964665362577673,10,100,777
EtriActivity3D,TANet,AOSA,15,A016_P021_G002_C006.mp4,0.25039360452306575,-0.35561774354423936,-0.2503936045230657,10,100,777
EtriActivity3D,TANet,GradCAM,15,A016_P021_G002_C006.mp4,0.2873936664170897,-0.35561774354423936,-0.2873936664170896,10,100,777
EtriActivity3D,TANet,3D-Kernel-SHAP-NEW,15,A016_P021_G003_C008.mp4,0.5833493333786416,-0.14727441094268004,-0.5833493333786416,10,100,777
EtriActivity3D,TANet,3D-LIME-NEW,15,A016_P021_G003_C008.mp4,0.6159885838435328,-0.14727441094268004,-0.6159885838435326,10,100,777
EtriActivity3D,TANet,3D-RISE-NEW,15,A016_P021_G003_C008.mp4,0.4634627117957076,0.10045988614483332,-0.46346271179570764,10,100,777
EtriActivity3D,TANet,3D-Sampled-Occl-Sens-NEW,15,A016_P021_G003_C008.mp4,-0.014413139206034119,0.10045988614483332,0.014413139206034094,10,100,777
EtriActivity3D,TANet,LV-LOCO-NEW,15,A016_P021_G003_C008.mp4,0.5552707429489878,-0.14727441094268004,-0.5552707429489876,10,100,777
EtriActivity3D,TANet,LV-Univ-Pred-NEW,15,A016_P021_G003_C008.mp4,-0.09615608277641542,-0.14727441094268004,0.09615608277641545,10,100,777
EtriActivity3D,TANet,SaliencyTubes,15,A016_P021_G003_C008.mp4,0.3861987043331441,0.10045988614483332,-0.386198704333144,10,100,777
EtriActivity3D,TANet,AOSA,15,A016_P021_G003_C008.mp4,0.4119001044271689,0.10045988614483332,-0.41190010442716873,10,100,777
EtriActivity3D,TANet,GradCAM,15,A016_P021_G003_C008.mp4,0.2561513149062181,0.10045988614483332,-0.2561513149062181,10,100,777
EtriActivity3D,TANet,3D-Kernel-SHAP-NEW,16,A017_P063_G002_C002.mp4,0.5919433302718546,0.12677699032372855,-0.5919433302718546,10,100,777
EtriActivity3D,TANet,3D-LIME-NEW,16,A017_P063_G002_C002.mp4,0.5538409778580713,0.12677699032372855,-0.5538409778580714,10,100,777
EtriActivity3D,TANet,3D-RISE-NEW,16,A017_P063_G002_C002.mp4,0.17762338046591034,0.0793961043263568,-0.17762338046591034,10,100,777
EtriActivity3D,TANet,3D-Sampled-Occl-Sens-NEW,16,A017_P063_G002_C002.mp4,-0.05942456715651926,0.0793961043263568,0.059424567156519434,10,100,777
EtriActivity3D,TANet,LV-LOCO-NEW,16,A017_P063_G002_C002.mp4,0.8559599519777484,0.12677699032372855,-0.8559599519777481,10,100,777
EtriActivity3D,TANet,LV-Univ-Pred-NEW,16,A017_P063_G002_C002.mp4,-0.10223388723492362,0.12677699032372855,0.10223388723492356,10,100,777
EtriActivity3D,TANet,SaliencyTubes,16,A017_P063_G002_C002.mp4,0.1357322072180895,0.0793961043263568,-0.1357322072180894,10,100,777
EtriActivity3D,TANet,AOSA,16,A017_P063_G002_C002.mp4,-0.0017811183990084694,0.0793961043263568,0.0017811183990084616,10,100,777
EtriActivity3D,TANet,GradCAM,16,A017_P063_G002_C002.mp4,-0.10482016063163699,0.0793961043263568,0.10482016063163706,10,100,777
EtriActivity3D,TANet,3D-Kernel-SHAP-NEW,16,A017_P082_G002_C003.mp4,0.3888312155822982,-0.04925387486801624,-0.3888312155822985,10,100,777
EtriActivity3D,TANet,3D-LIME-NEW,16,A017_P082_G002_C003.mp4,0.4737282053382704,-0.04925387486801624,-0.4737282053382704,10,100,777
EtriActivity3D,TANet,3D-RISE-NEW,16,A017_P082_G002_C003.mp4,0.6347035392801754,-0.047082273040092326,-0.6347035392801754,10,100,777
EtriActivity3D,TANet,3D-Sampled-Occl-Sens-NEW,16,A017_P082_G002_C003.mp4,0.050436133910746556,-0.047082273040092326,-0.05043613391074649,10,100,777
EtriActivity3D,TANet,LV-LOCO-NEW,16,A017_P082_G002_C003.mp4,0.8724941509367907,-0.04925387486801624,-0.8724941509367904,10,100,777
EtriActivity3D,TANet,LV-Univ-Pred-NEW,16,A017_P082_G002_C003.mp4,-0.17078357046145795,-0.04925387486801624,0.17078357046145784,10,100,777
EtriActivity3D,TANet,SaliencyTubes,16,A017_P082_G002_C003.mp4,0.4702510734125584,-0.047082273040092326,-0.47025107341255834,10,100,777
EtriActivity3D,TANet,AOSA,16,A017_P082_G002_C003.mp4,0.2393068338972211,-0.047082273040092326,-0.2393068338972211,10,100,777
EtriActivity3D,TANet,GradCAM,16,A017_P082_G002_C003.mp4,0.4643333253112555,-0.047082273040092326,-0.4643333253112555,10,100,777
EtriActivity3D,TANet,3D-Kernel-SHAP-NEW,17,A018_P015_G002_C002.mp4,0.010087963176597395,0.08203007357094426,-0.010087963176597365,10,100,777
EtriActivity3D,TANet,3D-LIME-NEW,17,A018_P015_G002_C002.mp4,0.4058543296712913,0.08203007357094426,-0.40585432967129104,10,100,777
EtriActivity3D,TANet,3D-RISE-NEW,17,A018_P015_G002_C002.mp4,0.24671916906433755,0.08195103554785697,-0.24671916906433755,10,100,777
EtriActivity3D,TANet,3D-Sampled-Occl-Sens-NEW,17,A018_P015_G002_C002.mp4,0.23750152239267708,0.08195103554785697,-0.2375015223926771,10,100,777
EtriActivity3D,TANet,LV-LOCO-NEW,17,A018_P015_G002_C002.mp4,0.44779539630987353,0.08203007357094426,-0.44779539630987353,10,100,777
EtriActivity3D,TANet,LV-Univ-Pred-NEW,17,A018_P015_G002_C002.mp4,-0.13042871440400097,0.08203007357094426,0.13042871440400103,10,100,777
EtriActivity3D,TANet,SaliencyTubes,17,A018_P015_G002_C002.mp4,0.0668882704050385,0.08195103554785697,-0.06688827040503846,10,100,777
EtriActivity3D,TANet,AOSA,17,A018_P015_G002_C002.mp4,0.25519588680990474,0.08195103554785697,-0.2551958868099047,10,100,777
EtriActivity3D,TANet,GradCAM,17,A018_P015_G002_C002.mp4,0.2456419565206057,0.08195103554785697,-0.2456419565206059,10,100,777
EtriActivity3D,TANet,3D-Kernel-SHAP-NEW,18,A019_P015_G002_C008.mp4,0.2920239220252679,0.03926568565897434,-0.29202392202526806,10,100,777
EtriActivity3D,TANet,3D-LIME-NEW,18,A019_P015_G002_C008.mp4,0.6258168636229672,0.03926568565897434,-0.6258168636229674,10,100,777
EtriActivity3D,TANet,3D-RISE-NEW,18,A019_P015_G002_C008.mp4,0.32932721306936463,0.17809124783951627,-0.3293272130693646,10,100,777
EtriActivity3D,TANet,3D-Sampled-Occl-Sens-NEW,18,A019_P015_G002_C008.mp4,0.09067936356513549,0.17809124783951627,-0.09067936356513549,10,100,777
EtriActivity3D,TANet,LV-LOCO-NEW,18,A019_P015_G002_C008.mp4,0.5132407003827498,0.03926568565897434,-0.5132407003827498,10,100,777
EtriActivity3D,TANet,LV-Univ-Pred-NEW,18,A019_P015_G002_C008.mp4,0.2863588730790634,0.03926568565897434,-0.2863588730790632,10,100,777
EtriActivity3D,TANet,SaliencyTubes,18,A019_P015_G002_C008.mp4,-0.006863517821779847,0.17809124783951627,0.00686351782177985,10,100,777
EtriActivity3D,TANet,AOSA,18,A019_P015_G002_C008.mp4,0.07123656316415271,0.17809124783951627,-0.07123656316415271,10,100,777
EtriActivity3D,TANet,GradCAM,18,A019_P015_G002_C008.mp4,0.07575373466255596,0.17809124783951627,-0.07575373466255596,10,100,777
EtriActivity3D,TANet,3D-Kernel-SHAP-NEW,20,A021_P066_G004_C008.mp4,0.38540637706973624,0.10890227862351308,-0.3854063770697362,10,100,777
EtriActivity3D,TANet,3D-LIME-NEW,20,A021_P066_G004_C008.mp4,0.3133363417992338,0.10890227862351308,-0.3133363417992337,10,100,777
EtriActivity3D,TANet,3D-RISE-NEW,20,A021_P066_G004_C008.mp4,0.3034089139509647,-0.11335340182303787,-0.30340891395096464,10,100,777
EtriActivity3D,TANet,3D-Sampled-Occl-Sens-NEW,20,A021_P066_G004_C008.mp4,-0.047259452284965656,-0.11335340182303787,0.04725945228496565,10,100,777
EtriActivity3D,TANet,LV-LOCO-NEW,20,A021_P066_G004_C008.mp4,0.4922960537380661,0.10890227862351308,-0.49229605373806656,10,100,777
EtriActivity3D,TANet,LV-Univ-Pred-NEW,20,A021_P066_G004_C008.mp4,0.25940057428869007,0.10890227862351308,-0.25940057428869007,10,100,777
EtriActivity3D,TANet,SaliencyTubes,20,A021_P066_G004_C008.mp4,0.16095192014887869,-0.11335340182303787,-0.1609519201488787,10,100,777
EtriActivity3D,TANet,AOSA,20,A021_P066_G004_C008.mp4,0.25435182927296063,-0.11335340182303787,-0.25435182927296063,10,100,777
EtriActivity3D,TANet,GradCAM,20,A021_P066_G004_C008.mp4,-0.24400251780458343,-0.11335340182303787,0.2440025178045834,10,100,777
EtriActivity3D,TANet,3D-Kernel-SHAP-NEW,22,A023_P072_G001_C007.mp4,0.073025503913794,0.017591822341072542,-0.073025503913794,10,100,777
EtriActivity3D,TANet,3D-LIME-NEW,22,A023_P072_G001_C007.mp4,0.15996745303567386,0.017591822341072542,-0.15996745303567386,10,100,777
EtriActivity3D,TANet,3D-RISE-NEW,22,A023_P072_G001_C007.mp4,0.22314356540988825,0.006813986936998679,-0.22314356540988825,10,100,777
EtriActivity3D,TANet,3D-Sampled-Occl-Sens-NEW,22,A023_P072_G001_C007.mp4,-0.030167550055033507,0.006813986936998679,0.03016755005503351,10,100,777
EtriActivity3D,TANet,LV-LOCO-NEW,22,A023_P072_G001_C007.mp4,0.3079227140678163,0.017591822341072542,-0.30792271406781613,10,100,777
EtriActivity3D,TANet,LV-Univ-Pred-NEW,22,A023_P072_G001_C007.mp4,0.2078343091580045,0.017591822341072542,-0.20783430915800444,10,100,777
EtriActivity3D,TANet,SaliencyTubes,22,A023_P072_G001_C007.mp4,0.20435992670721287,0.006813986936998679,-0.20435992670721292,10,100,777
EtriActivity3D,TANet,AOSA,22,A023_P072_G001_C007.mp4,0.17050165249857693,0.006813986936998679,-0.17050165249857693,10,100,777
EtriActivity3D,TANet,GradCAM,22,A023_P072_G001_C007.mp4,-0.028096199300955478,0.006813986936998679,0.0280961993009555,10,100,777
EtriActivity3D,TANet,3D-Kernel-SHAP-NEW,25,A026_P032_G002_C008.mp4,0.28199432575737415,0.04311413337567445,-0.2819943257573742,10,100,777
EtriActivity3D,TANet,3D-LIME-NEW,25,A026_P032_G002_C008.mp4,0.2254775092787783,0.04311413337567445,-0.22547750927877822,10,100,777
EtriActivity3D,TANet,3D-RISE-NEW,25,A026_P032_G002_C008.mp4,0.33902691062038537,-0.10668308956458145,-0.33902691062038537,10,100,777
EtriActivity3D,TANet,3D-Sampled-Occl-Sens-NEW,25,A026_P032_G002_C008.mp4,-0.005089435182333466,-0.10668308956458145,0.005089435182333439,10,100,777
EtriActivity3D,TANet,LV-LOCO-NEW,25,A026_P032_G002_C008.mp4,0.39050472102333633,0.04311413337567445,-0.3905047210233361,10,100,777
EtriActivity3D,TANet,LV-Univ-Pred-NEW,25,A026_P032_G002_C008.mp4,-0.0751493465843438,0.04311413337567445,0.07514934658434382,10,100,777
EtriActivity3D,TANet,SaliencyTubes,25,A026_P032_G002_C008.mp4,0.1891137440033494,-0.10668308956458145,-0.18911374400334943,10,100,777
EtriActivity3D,TANet,AOSA,25,A026_P032_G002_C008.mp4,0.2771394016378035,-0.10668308956458145,-0.27713940163780354,10,100,777
EtriActivity3D,TANet,GradCAM,25,A026_P032_G002_C008.mp4,0.2681435834004639,-0.10668308956458145,-0.268143583400464,10,100,777
EtriActivity3D,TANet,3D-Kernel-SHAP-NEW,26,A027_P004_G001_C006.mp4,0.4151534018078774,0.08509437743980791,-0.41515340180787735,10,100,777
EtriActivity3D,TANet,3D-LIME-NEW,26,A027_P004_G001_C006.mp4,0.584085679387582,0.08509437743980791,-0.5840856793875823,10,100,777
EtriActivity3D,TANet,3D-RISE-NEW,26,A027_P004_G001_C006.mp4,0.05217259446127884,0.02354382965989543,-0.05217259446127887,10,100,777
EtriActivity3D,TANet,3D-Sampled-Occl-Sens-NEW,26,A027_P004_G001_C006.mp4,0.35241004935191905,0.02354382965989543,-0.35241004935191916,10,100,777
EtriActivity3D,TANet,LV-LOCO-NEW,26,A027_P004_G001_C006.mp4,0.871173435963839,0.08509437743980791,-0.8711734359638386,10,100,777
EtriActivity3D,TANet,LV-Univ-Pred-NEW,26,A027_P004_G001_C006.mp4,-0.04438149979047898,0.08509437743980791,0.044381499790478986,10,100,777
EtriActivity3D,TANet,SaliencyTubes,26,A027_P004_G001_C006.mp4,0.07515513637607399,0.02354382965989543,-0.07515513637607399,10,100,777
EtriActivity3D,TANet,AOSA,26,A027_P004_G001_C006.mp4,-0.12881115148484287,0.02354382965989543,0.12881115148484287,10,100,777
EtriActivity3D,TANet,GradCAM,26,A027_P004_G001_C006.mp4,0.17682077694388598,0.02354382965989543,-0.17682077694388607,10,100,777
EtriActivity3D,TANet,3D-Kernel-SHAP-NEW,3,A004_P046_G003_C005.mp4,0.4936775033314553,-0.1242184524740033,-0.4936775033314553,10,100,777
EtriActivity3D,TANet,3D-LIME-NEW,3,A004_P046_G003_C005.mp4,0.7360163095997996,-0.1242184524740033,-0.7360163095997997,10,100,777
EtriActivity3D,TANet,3D-RISE-NEW,3,A004_P046_G003_C005.mp4,0.6089237992850234,0.09435271280040934,-0.6089237992850234,10,100,777
EtriActivity3D,TANet,3D-Sampled-Occl-Sens-NEW,3,A004_P046_G003_C005.mp4,-0.13313285285400084,0.09435271280040934,0.13313285285400084,10,100,777
EtriActivity3D,TANet,LV-LOCO-NEW,3,A004_P046_G003_C005.mp4,0.718302161365086,-0.1242184524740033,-0.7183021613650858,10,100,777
EtriActivity3D,TANet,LV-Univ-Pred-NEW,3,A004_P046_G003_C005.mp4,0.1287491045208361,-0.1242184524740033,-0.12874910452083613,10,100,777
EtriActivity3D,TANet,SaliencyTubes,3,A004_P046_G003_C005.mp4,0.4554327063778345,0.09435271280040934,-0.4554327063778345,10,100,777
EtriActivity3D,TANet,AOSA,3,A004_P046_G003_C005.mp4,-0.6044880705954881,0.09435271280040934,0.6044880705954881,10,100,777
EtriActivity3D,TANet,GradCAM,3,A004_P046_G003_C005.mp4,0.5336038603123585,0.09435271280040934,-0.5336038603123586,10,100,777
EtriActivity3D,TANet,3D-Kernel-SHAP-NEW,31,A032_P020_G001_C004.mp4,0.7055618367791782,-0.02734494612224712,-0.7055618367791784,10,100,777
EtriActivity3D,TANet,3D-LIME-NEW,31,A032_P020_G001_C004.mp4,0.5767902985771505,-0.02734494612224712,-0.5767902985771507,10,100,777
EtriActivity3D,TANet,3D-RISE-NEW,31,A032_P020_G001_C004.mp4,-0.2511653794995727,-0.0037176548299020836,0.2511653794995727,10,100,777
EtriActivity3D,TANet,3D-Sampled-Occl-Sens-NEW,31,A032_P020_G001_C004.mp4,0.0967209856500327,-0.0037176548299020836,-0.0967209856500327,10,100,777
EtriActivity3D,TANet,LV-LOCO-NEW,31,A032_P020_G001_C004.mp4,0.5092848448701729,-0.02734494612224712,-0.5092848448701731,10,100,777
EtriActivity3D,TANet,LV-Univ-Pred-NEW,31,A032_P020_G001_C004.mp4,-0.014768073724606435,-0.02734494612224712,0.014768073724606437,10,100,777
EtriActivity3D,TANet,SaliencyTubes,31,A032_P020_G001_C004.mp4,-0.11851392230163628,-0.0037176548299020836,0.11851392230163635,10,100,777
EtriActivity3D,TANet,AOSA,31,A032_P020_G001_C004.mp4,-0.2765040873915278,-0.0037176548299020836,0.276504087391528,10,100,777
EtriActivity3D,TANet,GradCAM,31,A032_P020_G001_C004.mp4,-0.16560050835401016,-0.0037176548299020836,0.1656005083540102,10,100,777
EtriActivity3D,TANet,3D-Kernel-SHAP-NEW,40,A041_P082_G001_C007.mp4,0.3398853194162414,-0.0022491139487278754,-0.33988531941624134,10,100,777
EtriActivity3D,TANet,3D-LIME-NEW,40,A041_P082_G001_C007.mp4,0.2504286938488528,-0.0022491139487278754,-0.25042869384885286,10,100,777
EtriActivity3D,TANet,3D-RISE-NEW,40,A041_P082_G001_C007.mp4,-0.011914120398233464,-0.12529431580859687,0.011914120398233466,10,100,777
EtriActivity3D,TANet,3D-Sampled-Occl-Sens-NEW,40,A041_P082_G001_C007.mp4,0.24609662736061252,-0.12529431580859687,-0.24609662736061252,10,100,777
EtriActivity3D,TANet,LV-LOCO-NEW,40,A041_P082_G001_C007.mp4,0.5659767172493523,-0.0022491139487278754,-0.5659767172493525,10,100,777
EtriActivity3D,TANet,LV-Univ-Pred-NEW,40,A041_P082_G001_C007.mp4,0.0687376364162932,-0.0022491139487278754,-0.06873763641629321,10,100,777
EtriActivity3D,TANet,SaliencyTubes,40,A041_P082_G001_C007.mp4,-0.03960127507126486,-0.12529431580859687,0.039601275071264916,10,100,777
EtriActivity3D,TANet,AOSA,40,A041_P082_G001_C007.mp4,-0.13520439546754687,-0.12529431580859687,0.13520439546754692,10,100,777
EtriActivity3D,TANet,GradCAM,40,A041_P082_G001_C007.mp4,-0.1987934553682978,-0.12529431580859687,0.19879345536829776,10,100,777
EtriActivity3D,TANet,3D-Kernel-SHAP-NEW,41,A042_P020_G003_C006.mp4,0.2898581588497073,0.009522432789519903,-0.2898581588497073,10,100,777
EtriActivity3D,TANet,3D-LIME-NEW,41,A042_P020_G003_C006.mp4,0.35923828221069737,0.009522432789519903,-0.3592382822106973,10,100,777
EtriActivity3D,TANet,3D-RISE-NEW,41,A042_P020_G003_C006.mp4,0.27272510193472943,0.13747083154359682,-0.27272510193472943,10,100,777
EtriActivity3D,TANet,3D-Sampled-Occl-Sens-NEW,41,A042_P020_G003_C006.mp4,-0.11847018517427901,0.13747083154359682,0.118470185174279,10,100,777
EtriActivity3D,TANet,LV-LOCO-NEW,41,A042_P020_G003_C006.mp4,0.30117223916674746,0.009522432789519903,-0.30117223916674746,10,100,777
EtriActivity3D,TANet,LV-Univ-Pred-NEW,41,A042_P020_G003_C006.mp4,0.2024434382427555,0.009522432789519903,-0.2024434382427556,10,100,777
EtriActivity3D,TANet,SaliencyTubes,41,A042_P020_G003_C006.mp4,-0.024958311094147746,0.13747083154359682,0.024958311094147742,10,100,777
EtriActivity3D,TANet,AOSA,41,A042_P020_G003_C006.mp4,0.1206364114811652,0.13747083154359682,-0.12063641148116523,10,100,777
EtriActivity3D,TANet,GradCAM,41,A042_P020_G003_C006.mp4,-0.018744047854676774,0.13747083154359682,0.018744047854676777,10,100,777
EtriActivity3D,TANet,3D-Kernel-SHAP-NEW,41,A042_P022_G003_C001.mp4,0.09419203396610956,-0.20171235146236333,-0.0941920339661096,10,100,777
EtriActivity3D,TANet,3D-LIME-NEW,41,A042_P022_G003_C001.mp4,0.09931556978021604,-0.20171235146236333,-0.0993155697802161,10,100,777
EtriActivity3D,TANet,3D-RISE-NEW,41,A042_P022_G003_C001.mp4,0.5610660984097671,-0.03180041841123396,-0.561066098409767,10,100,777
EtriActivity3D,TANet,3D-Sampled-Occl-Sens-NEW,41,A042_P022_G003_C001.mp4,-0.07583624833571007,-0.03180041841123396,0.07583624833571005,10,100,777
EtriActivity3D,TANet,LV-LOCO-NEW,41,A042_P022_G003_C001.mp4,0.6399807464842862,-0.20171235146236333,-0.639980746484286,10,100,777
EtriActivity3D,TANet,LV-Univ-Pred-NEW,41,A042_P022_G003_C001.mp4,0.2285701098398567,-0.20171235146236333,-0.22857010983985684,10,100,777
EtriActivity3D,TANet,SaliencyTubes,41,A042_P022_G003_C001.mp4,0.451246428153785,-0.03180041841123396,-0.45124642815378474,10,100,777
EtriActivity3D,TANet,AOSA,41,A042_P022_G003_C001.mp4,0.3691515123966011,-0.03180041841123396,-0.3691515123966011,10,100,777
EtriActivity3D,TANet,GradCAM,41,A042_P022_G003_C001.mp4,0.44665616880942677,-0.03180041841123396,-0.44665616880942677,10,100,777
EtriActivity3D,TANet,3D-Kernel-SHAP-NEW,42,A043_P015_G003_C002.mp4,0.35592869189403337,-0.1125751207910047,-0.3559286918940333,10,100,777
EtriActivity3D,TANet,3D-LIME-NEW,42,A043_P015_G003_C002.mp4,0.32655624174531706,-0.1125751207910047,-0.32655624174531694,10,100,777
EtriActivity3D,TANet,3D-RISE-NEW,42,A043_P015_G003_C002.mp4,0.5216042053466828,-0.10754658071871474,-0.5216042053466831,10,100,777
EtriActivity3D,TANet,3D-Sampled-Occl-Sens-NEW,42,A043_P015_G003_C002.mp4,0.21106264778019737,-0.10754658071871474,-0.21106264778019834,10,100,777
EtriActivity3D,TANet,LV-LOCO-NEW,42,A043_P015_G003_C002.mp4,0.14450989511519427,-0.1125751207910047,-0.14450989511519427,10,100,777
EtriActivity3D,TANet,LV-Univ-Pred-NEW,42,A043_P015_G003_C002.mp4,0.5124311777368386,-0.1125751207910047,-0.5124311777368386,10,100,777
EtriActivity3D,TANet,SaliencyTubes,42,A043_P015_G003_C002.mp4,0.307096235071726,-0.10754658071871474,-0.30709623507172606,10,100,777
EtriActivity3D,TANet,AOSA,42,A043_P015_G003_C002.mp4,0.4590078991729405,-0.10754658071871474,-0.4590078991729405,10,100,777
EtriActivity3D,TANet,GradCAM,42,A043_P015_G003_C002.mp4,0.1604784419784015,-0.10754658071871474,-0.1604784419784015,10,100,777
EtriActivity3D,TANet,3D-Kernel-SHAP-NEW,42,A043_P082_G002_C006.mp4,-0.360229421972067,-0.017844211499761273,0.360229421972067,10,100,777
EtriActivity3D,TANet,3D-LIME-NEW,42,A043_P082_G002_C006.mp4,-0.3533735224747801,-0.017844211499761273,0.35337352247478016,10,100,777
EtriActivity3D,TANet,3D-RISE-NEW,42,A043_P082_G002_C006.mp4,-0.1625026021034402,-0.11307420071653193,0.16250260210344017,10,100,777
EtriActivity3D,TANet,3D-Sampled-Occl-Sens-NEW,42,A043_P082_G002_C006.mp4,-0.23371155474872288,-0.11307420071653193,0.23371155474872288,10,100,777
EtriActivity3D,TANet,LV-LOCO-NEW,42,A043_P082_G002_C006.mp4,-0.4373139296522565,-0.017844211499761273,0.43731392965225635,10,100,777
EtriActivity3D,TANet,LV-Univ-Pred-NEW,42,A043_P082_G002_C006.mp4,-0.13252568378849855,-0.017844211499761273,0.13252568378849863,10,100,777
EtriActivity3D,TANet,SaliencyTubes,42,A043_P082_G002_C006.mp4,0.25832595485969034,-0.11307420071653193,-0.25832595485969045,10,100,777
EtriActivity3D,TANet,AOSA,42,A043_P082_G002_C006.mp4,-0.059965010937220134,-0.11307420071653193,0.05996501093722011,10,100,777
EtriActivity3D,TANet,GradCAM,42,A043_P082_G002_C006.mp4,0.44661022182629057,-0.11307420071653193,-0.44661022182629057,10,100,777
EtriActivity3D,TANet,3D-Kernel-SHAP-NEW,43,A044_P016_G001_C008.mp4,-0.015973248904390842,-0.06628899670414368,0.01597324890439084,10,100,777
EtriActivity3D,TANet,3D-LIME-NEW,43,A044_P016_G001_C008.mp4,0.14349132670464654,-0.06628899670414368,-0.1434913267046465,10,100,777
EtriActivity3D,TANet,3D-RISE-NEW,43,A044_P016_G001_C008.mp4,-0.2268611805582097,-0.136911847125305,0.2268611805582097,10,100,777
EtriActivity3D,TANet,3D-Sampled-Occl-Sens-NEW,43,A044_P016_G001_C008.mp4,-0.1902949948442364,-0.136911847125305,0.19029499484423631,10,100,777
EtriActivity3D,TANet,LV-LOCO-NEW,43,A044_P016_G001_C008.mp4,0.5076320400566303,-0.06628899670414368,-0.5076320400566303,10,100,777
EtriActivity3D,TANet,LV-Univ-Pred-NEW,43,A044_P016_G001_C008.mp4,0.4785930744239502,-0.06628899670414368,-0.47859307442394994,10,100,777
EtriActivity3D,TANet,SaliencyTubes,43,A044_P016_G001_C008.mp4,0.017598404543869586,-0.136911847125305,-0.017598404543869586,10,100,777
EtriActivity3D,TANet,AOSA,43,A044_P016_G001_C008.mp4,-0.03276331138891307,-0.136911847125305,0.03276331138891312,10,100,777
EtriActivity3D,TANet,GradCAM,43,A044_P016_G001_C008.mp4,-0.06878553058029455,-0.136911847125305,0.06878553058029455,10,100,777
EtriActivity3D,TANet,3D-Kernel-SHAP-NEW,46,A047_P021_G002_C001.mp4,0.37623767274988645,0.000639895081324235,-0.37623767274988656,10,100,777
EtriActivity3D,TANet,3D-LIME-NEW,46,A047_P021_G002_C001.mp4,0.43254128986129065,0.000639895081324235,-0.43254128986129087,10,100,777
EtriActivity3D,TANet,3D-RISE-NEW,46,A047_P021_G002_C001.mp4,0.42363724404397796,0.1915482519749093,-0.42363724404397807,10,100,777
EtriActivity3D,TANet,3D-Sampled-Occl-Sens-NEW,46,A047_P021_G002_C001.mp4,-0.09540284208274284,0.1915482519749093,0.09540284208274284,10,100,777
EtriActivity3D,TANet,LV-LOCO-NEW,46,A047_P021_G002_C001.mp4,0.5206858222166801,0.000639895081324235,-0.5206858222166805,10,100,777
EtriActivity3D,TANet,LV-Univ-Pred-NEW,46,A047_P021_G002_C001.mp4,0.43792883135020866,0.000639895081324235,-0.4379288313502087,10,100,777
EtriActivity3D,TANet,SaliencyTubes,46,A047_P021_G002_C001.mp4,0.10806670091224975,0.1915482519749093,-0.10806670091224978,10,100,777
EtriActivity3D,TANet,AOSA,46,A047_P021_G002_C001.mp4,0.436343988229559,0.1915482519749093,-0.4363439882295587,10,100,777
EtriActivity3D,TANet,GradCAM,46,A047_P021_G002_C001.mp4,0.10751361536843491,0.1915482519749093,-0.10751361536843486,10,100,777
EtriActivity3D,TANet,3D-Kernel-SHAP-NEW,46,A047_P096_G001_C004.mp4,0.11871187257327762,-0.045001178036330684,-0.11871187257327759,10,100,777
EtriActivity3D,TANet,3D-LIME-NEW,46,A047_P096_G001_C004.mp4,0.09653009082950839,-0.045001178036330684,-0.0965300908295085,10,100,777
EtriActivity3D,TANet,3D-RISE-NEW,46,A047_P096_G001_C004.mp4,0.3458885668659305,-0.1334572215958415,-0.3458885668659305,10,100,777
EtriActivity3D,TANet,3D-Sampled-Occl-Sens-NEW,46,A047_P096_G001_C004.mp4,0.03829117339357802,-0.1334572215958415,-0.03829117339357804,10,100,777
EtriActivity3D,TANet,LV-LOCO-NEW,46,A047_P096_G001_C004.mp4,0.8066293158130434,-0.045001178036330684,-0.806629315813043,10,100,777
EtriActivity3D,TANet,LV-Univ-Pred-NEW,46,A047_P096_G001_C004.mp4,0.3618961400551475,-0.045001178036330684,-0.3618961400551475,10,100,777
EtriActivity3D,TANet,SaliencyTubes,46,A047_P096_G001_C004.mp4,0.14669119428926208,-0.1334572215958415,-0.14669119428926203,10,100,777
EtriActivity3D,TANet,AOSA,46,A047_P096_G001_C004.mp4,0.27825384484523336,-0.1334572215958415,-0.27825384484523336,10,100,777
EtriActivity3D,TANet,GradCAM,46,A047_P096_G001_C004.mp4,0.1251651132203492,-0.1334572215958415,-0.12516511322034918,10,100,777
EtriActivity3D,TANet,3D-Kernel-SHAP-NEW,47,A048_P035_G001_C003.mp4,-0.0346777932084532,-0.056167670548611597,0.03467779320845323,10,100,777
EtriActivity3D,TANet,3D-LIME-NEW,47,A048_P035_G001_C003.mp4,0.2620141329071224,-0.056167670548611597,-0.2620141329071224,10,100,777
EtriActivity3D,TANet,3D-RISE-NEW,47,A048_P035_G001_C003.mp4,0.04460758795429895,0.10328159314141866,-0.04460758795429895,10,100,777
EtriActivity3D,TANet,3D-Sampled-Occl-Sens-NEW,47,A048_P035_G001_C003.mp4,-0.08154193490412114,0.10328159314141866,0.0815419349041211,10,100,777
EtriActivity3D,TANet,LV-LOCO-NEW,47,A048_P035_G001_C003.mp4,0.1578626098835916,-0.056167670548611597,-0.15786260988359163,10,100,777
EtriActivity3D,TANet,LV-Univ-Pred-NEW,47,A048_P035_G001_C003.mp4,-0.07630372704121888,-0.056167670548611597,0.07630372704121893,10,100,777
EtriActivity3D,TANet,SaliencyTubes,47,A048_P035_G001_C003.mp4,0.08971543030298147,0.10328159314141866,-0.08971543030298147,10,100,777
EtriActivity3D,TANet,AOSA,47,A048_P035_G001_C003.mp4,0.3318001244203279,0.10328159314141866,-0.33180012442032797,10,100,777
EtriActivity3D,TANet,GradCAM,47,A048_P035_G001_C003.mp4,0.03791761680933079,0.10328159314141866,-0.0379176168093308,10,100,777
EtriActivity3D,TANet,3D-Kernel-SHAP-NEW,50,A051_P082_G001_C006.mp4,0.7031222953977729,-0.01027212975896191,-0.703122295397773,10,100,777
EtriActivity3D,TANet,3D-LIME-NEW,50,A051_P082_G001_C006.mp4,0.7343505910902572,-0.01027212975896191,-0.7343505910902569,10,100,777
EtriActivity3D,TANet,3D-RISE-NEW,50,A051_P082_G001_C006.mp4,0.6598880462784246,-0.03357068621991132,-0.6598880462784247,10,100,777
EtriActivity3D,TANet,3D-Sampled-Occl-Sens-NEW,50,A051_P082_G001_C006.mp4,0.045024564221614646,-0.03357068621991132,-0.0450245642216146,10,100,777
EtriActivity3D,TANet,LV-LOCO-NEW,50,A051_P082_G001_C006.mp4,0.6576539381929509,-0.01027212975896191,-0.6576539381929507,10,100,777
EtriActivity3D,TANet,LV-Univ-Pred-NEW,50,A051_P082_G001_C006.mp4,0.47558154146392523,-0.01027212975896191,-0.4755815414639251,10,100,777
EtriActivity3D,TANet,SaliencyTubes,50,A051_P082_G001_C006.mp4,0.4040710733201006,-0.03357068621991132,-0.4040710733201005,10,100,777
EtriActivity3D,TANet,AOSA,50,A051_P082_G001_C006.mp4,-0.18379464805804907,-0.03357068621991132,0.1837946480580491,10,100,777
EtriActivity3D,TANet,GradCAM,50,A051_P082_G001_C006.mp4,0.5167074151147045,-0.03357068621991132,-0.5167074151147047,10,100,777
EtriActivity3D,TANet,3D-Kernel-SHAP-NEW,54,A055_P035_G001_C006.mp4,0.022912992061194768,-0.0043162391966748564,-0.02291299206119477,10,100,777
EtriActivity3D,TANet,3D-LIME-NEW,54,A055_P035_G001_C006.mp4,0.20768977965996935,-0.0043162391966748564,-0.20768977965996932,10,100,777
EtriActivity3D,TANet,3D-RISE-NEW,54,A055_P035_G001_C006.mp4,0.07565711014161132,-0.10152497498492553,-0.07565711014161132,10,100,777
EtriActivity3D,TANet,3D-Sampled-Occl-Sens-NEW,54,A055_P035_G001_C006.mp4,-0.016480145655995884,-0.10152497498492553,0.016480145655995912,10,100,777
EtriActivity3D,TANet,LV-LOCO-NEW,54,A055_P035_G001_C006.mp4,-0.02268812352778754,-0.0043162391966748564,0.022688123527787464,10,100,777
EtriActivity3D,TANet,LV-Univ-Pred-NEW,54,A055_P035_G001_C006.mp4,0.013676239451106575,-0.0043162391966748564,-0.013676239451106579,10,100,777
EtriActivity3D,TANet,SaliencyTubes,54,A055_P035_G001_C006.mp4,0.06322997280657024,-0.10152497498492553,-0.0632299728065702,10,100,777
EtriActivity3D,TANet,AOSA,54,A055_P035_G001_C006.mp4,0.061650923132732106,-0.10152497498492553,-0.061650923132732106,10,100,777
EtriActivity3D,TANet,GradCAM,54,A055_P035_G001_C006.mp4,0.04220029392661592,-0.10152497498492553,-0.04220029392661592,10,100,777
EtriActivity3D,TANet,3D-Kernel-SHAP-NEW,7,A008_P072_G002_C002.mp4,0.1385224842937128,0.11540767827172162,-0.13852248429371283,10,100,777
EtriActivity3D,TANet,3D-LIME-NEW,7,A008_P072_G002_C002.mp4,0.3487134994211187,0.11540767827172162,-0.34871349942111846,10,100,777
EtriActivity3D,TANet,3D-RISE-NEW,7,A008_P072_G002_C002.mp4,0.19230222870767064,0.026944693549179166,-0.1923022287076705,10,100,777
EtriActivity3D,TANet,3D-Sampled-Occl-Sens-NEW,7,A008_P072_G002_C002.mp4,0.06785439273080926,0.026944693549179166,-0.06785439273080925,10,100,777
EtriActivity3D,TANet,LV-LOCO-NEW,7,A008_P072_G002_C002.mp4,0.8129318271615974,0.11540767827172162,-0.8129318271615968,10,100,777
EtriActivity3D,TANet,LV-Univ-Pred-NEW,7,A008_P072_G002_C002.mp4,0.23320298246692106,0.11540767827172162,-0.23320298246692117,10,100,777
EtriActivity3D,TANet,SaliencyTubes,7,A008_P072_G002_C002.mp4,-0.0784639969546596,0.026944693549179166,0.07846399695465961,10,100,777
EtriActivity3D,TANet,AOSA,7,A008_P072_G002_C002.mp4,0.3107893672130083,0.026944693549179166,-0.3107893672130082,10,100,777
EtriActivity3D,TANet,GradCAM,7,A008_P072_G002_C002.mp4,-0.09503894587812375,0.026944693549179166,0.09503894587812382,10,100,777
Kinetics400,TANet,3D-Kernel-SHAP-NEW,101,--6bJUbfpnQ_000017_000027.mp4,0.5541899516890909,0.03449217816587843,-0.5541899516890909,10,100,777
Kinetics400,TANet,3D-LIME-NEW,101,--6bJUbfpnQ_000017_000027.mp4,0.7680512833273548,0.03449217816587843,-0.7680512833273546,10,100,777
Kinetics400,TANet,3D-RISE-NEW,101,--6bJUbfpnQ_000017_000027.mp4,0.6060227455377495,-0.019507825421438016,-0.6060227455377495,10,100,777
Kinetics400,TANet,3D-Sampled-Occl-Sens-NEW,101,--6bJUbfpnQ_000017_000027.mp4,-0.05367463646267497,-0.019507825421438016,0.05367463646267497,10,100,777
Kinetics400,TANet,LV-LOCO-NEW,101,--6bJUbfpnQ_000017_000027.mp4,0.6435674527873011,0.03449217816587843,-0.6435674527873011,10,100,777
Kinetics400,TANet,LV-Univ-Pred-NEW,101,--6bJUbfpnQ_000017_000027.mp4,-0.32760559956140534,0.03449217816587843,0.32760559956140534,10,100,777
Kinetics400,TANet,SaliencyTubes,101,--6bJUbfpnQ_000017_000027.mp4,0.5656908285899388,-0.019507825421438016,-0.565690828589939,10,100,777
Kinetics400,TANet,AOSA,101,--6bJUbfpnQ_000017_000027.mp4,0.21374879767415705,-0.019507825421438016,-0.21374879767415705,10,100,777
Kinetics400,TANet,GradCAM,101,--6bJUbfpnQ_000017_000027.mp4,0.4554968863160715,-0.019507825421438016,-0.4554968863160713,10,100,777
Kinetics400,TANet,3D-Kernel-SHAP-NEW,135,Y8BCvE5Ai1o_000002_000012.mp4,0.17805296946105223,-0.027162160357775893,-0.1780529694610522,10,100,777
Kinetics400,TANet,3D-LIME-NEW,135,Y8BCvE5Ai1o_000002_000012.mp4,0.31089446370392587,-0.027162160357775893,-0.3108944637039257,10,100,777
Kinetics400,TANet,3D-RISE-NEW,135,Y8BCvE5Ai1o_000002_000012.mp4,0.5792036441819451,-0.13400262912586836,-0.5792036441819451,10,100,777
Kinetics400,TANet,3D-Sampled-Occl-Sens-NEW,135,Y8BCvE5Ai1o_000002_000012.mp4,-0.1194354204679494,-0.13400262912586836,0.1194354204679494,10,100,777
Kinetics400,TANet,LV-LOCO-NEW,135,Y8BCvE5Ai1o_000002_000012.mp4,0.35545322805739,-0.027162160357775893,-0.3554532280573901,10,100,777
Kinetics400,TANet,LV-Univ-Pred-NEW,135,Y8BCvE5Ai1o_000002_000012.mp4,0.2677878571136481,-0.027162160357775893,-0.26778785711364805,10,100,777
Kinetics400,TANet,SaliencyTubes,135,Y8BCvE5Ai1o_000002_000012.mp4,0.30434902469500386,-0.13400262912586836,-0.3043490246950038,10,100,777
Kinetics400,TANet,AOSA,135,Y8BCvE5Ai1o_000002_000012.mp4,0.4159386665098998,-0.13400262912586836,-0.4159386665099,10,100,777
Kinetics400,TANet,GradCAM,135,Y8BCvE5Ai1o_000002_000012.mp4,0.4190397513164599,-0.13400262912586836,-0.41903975131646,10,100,777
Kinetics400,TANet,3D-Kernel-SHAP-NEW,147,Cc5R3Ey3MQw_000004_000014.mp4,0.052246204726545745,-0.04892230405040202,-0.05224620472654575,10,100,777
Kinetics400,TANet,3D-LIME-NEW,147,Cc5R3Ey3MQw_000004_000014.mp4,0.27095441922655417,-0.04892230405040202,-0.2709544192265542,10,100,777
Kinetics400,TANet,3D-RISE-NEW,147,Cc5R3Ey3MQw_000004_000014.mp4,0.44553691530025225,-0.12359476805304123,-0.44553691530025225,10,100,777
Kinetics400,TANet,3D-Sampled-Occl-Sens-NEW,147,Cc5R3Ey3MQw_000004_000014.mp4,-0.014036435382070408,-0.12359476805304123,0.014036435382070408,10,100,777
Kinetics400,TANet,LV-LOCO-NEW,147,Cc5R3Ey3MQw_000004_000014.mp4,0.348139251693507,-0.04892230405040202,-0.34813925169350707,10,100,777
Kinetics400,TANet,LV-Univ-Pred-NEW,147,Cc5R3Ey3MQw_000004_000014.mp4,0.11528218707339265,-0.04892230405040202,-0.11528218707339265,10,100,777
Kinetics400,TANet,SaliencyTubes,147,Cc5R3Ey3MQw_000004_000014.mp4,0.396402481544664,-0.12359476805304123,-0.3964024815446636,10,100,777
Kinetics400,TANet,AOSA,147,Cc5R3Ey3MQw_000004_000014.mp4,0.33745548728836844,-0.12359476805304123,-0.3374554872883685,10,100,777
Kinetics400,TANet,GradCAM,147,Cc5R3Ey3MQw_000004_000014.mp4,0.5484074495704194,-0.12359476805304123,-0.5484074495704199,10,100,777
Kinetics400,TANet,3D-Kernel-SHAP-NEW,15,T6seaVGSuEY_000048_000058.mp4,0.4403019536419837,-0.119791516800723,-0.44030195364198366,10,100,777
Kinetics400,TANet,3D-LIME-NEW,15,T6seaVGSuEY_000048_000058.mp4,0.6091876443675276,-0.119791516800723,-0.6091876443675276,10,100,777
Kinetics400,TANet,3D-RISE-NEW,15,T6seaVGSuEY_000048_000058.mp4,-0.15556050545909586,0.010521959757080234,0.15556050545909586,10,100,777
Kinetics400,TANet,3D-Sampled-Occl-Sens-NEW,15,T6seaVGSuEY_000048_000058.mp4,0.05221241349724708,0.010521959757080234,-0.05221241349724708,10,100,777
Kinetics400,TANet,LV-LOCO-NEW,15,T6seaVGSuEY_000048_000058.mp4,0.6270217011427108,-0.119791516800723,-0.627021701142711,10,100,777
Kinetics400,TANet,LV-Univ-Pred-NEW,15,T6seaVGSuEY_000048_000058.mp4,0.0220865108959413,-0.119791516800723,-0.022086510895941304,10,100,777
Kinetics400,TANet,SaliencyTubes,15,T6seaVGSuEY_000048_000058.mp4,-0.20290169499388985,0.010521959757080234,0.2029016949938899,10,100,777
Kinetics400,TANet,AOSA,15,T6seaVGSuEY_000048_000058.mp4,-0.14840679443620367,0.010521959757080234,0.14840679443620372,10,100,777
Kinetics400,TANet,GradCAM,15,T6seaVGSuEY_000048_000058.mp4,-0.13525335363962127,0.010521959757080234,0.13525335363962127,10,100,777
Kinetics400,TANet,3D-Kernel-SHAP-NEW,155,JYItC7ahu_s_000215_000225.mp4,0.041222916660957135,-0.0851103693930629,-0.04122291666095715,10,100,777
Kinetics400,TANet,3D-LIME-NEW,155,JYItC7ahu_s_000215_000225.mp4,0.32845993277662894,-0.0851103693930629,-0.32845993277662916,10,100,777
Kinetics400,TANet,3D-RISE-NEW,155,JYItC7ahu_s_000215_000225.mp4,0.41411567418115114,-0.0017201300428373533,-0.41411567418115114,10,100,777
Kinetics400,TANet,3D-Sampled-Occl-Sens-NEW,155,JYItC7ahu_s_000215_000225.mp4,-0.2800685060450197,-0.0017201300428373533,0.2800685060450197,10,100,777
Kinetics400,TANet,LV-LOCO-NEW,155,JYItC7ahu_s_000215_000225.mp4,0.4872816038848459,-0.0851103693930629,-0.4872816038848461,10,100,777
Kinetics400,TANet,LV-Univ-Pred-NEW,155,JYItC7ahu_s_000215_000225.mp4,0.011630567984147676,-0.0851103693930629,-0.011630567984147652,10,100,777
Kinetics400,TANet,SaliencyTubes,155,JYItC7ahu_s_000215_000225.mp4,0.2088946144387246,-0.0017201300428373533,-0.20889461443872462,10,100,777
Kinetics400,TANet,AOSA,155,JYItC7ahu_s_000215_000225.mp4,0.14489560716304928,-0.0017201300428373533,-0.1448956071630494,10,100,777
Kinetics400,TANet,GradCAM,155,JYItC7ahu_s_000215_000225.mp4,0.34490279598260054,-0.0017201300428373533,-0.3449027959826006,10,100,777
Kinetics400,TANet,3D-Kernel-SHAP-NEW,165,DJSqNV9m-2A_000019_000029.mp4,0.21841162640999265,0.01987461713333456,-0.2184116264099927,10,100,777
Kinetics400,TANet,3D-LIME-NEW,165,DJSqNV9m-2A_000019_000029.mp4,0.49425749615613895,0.01987461713333456,-0.49425749615613884,10,100,777
Kinetics400,TANet,3D-RISE-NEW,165,DJSqNV9m-2A_000019_000029.mp4,0.002981627139120203,0.03574446467443549,-0.002981627139120203,10,100,777
Kinetics400,TANet,3D-Sampled-Occl-Sens-NEW,165,DJSqNV9m-2A_000019_000029.mp4,0.08705640467616649,0.03574446467443549,-0.08705640467616649,10,100,777
Kinetics400,TANet,LV-LOCO-NEW,165,DJSqNV9m-2A_000019_000029.mp4,0.17603501129993712,0.01987461713333456,-0.17603501129993712,10,100,777
Kinetics400,TANet,LV-Univ-Pred-NEW,165,DJSqNV9m-2A_000019_000029.mp4,-0.09726242163398281,0.01987461713333456,0.0972624216339827,10,100,777
Kinetics400,TANet,SaliencyTubes,165,DJSqNV9m-2A_000019_000029.mp4,0.14391660785526886,0.03574446467443549,-0.14391660785526883,10,100,777
Kinetics400,TANet,AOSA,165,DJSqNV9m-2A_000019_000029.mp4,0.3115502005715026,0.03574446467443549,-0.3115502005715026,10,100,777
Kinetics400,TANet,GradCAM,165,DJSqNV9m-2A_000019_000029.mp4,0.1798644627242568,0.03574446467443549,-0.17986446272425677,10,100,777
Kinetics400,TANet,3D-Kernel-SHAP-NEW,176,6mvqsdJcazA_000018_000028.mp4,-0.043124189229193956,-0.0030748916957211592,0.04312418922919394,10,100,777
Kinetics400,TANet,3D-LIME-NEW,176,6mvqsdJcazA_000018_000028.mp4,-0.0071234330737479905,-0.0030748916957211592,0.007123433073747986,10,100,777
Kinetics400,TANet,3D-RISE-NEW,176,6mvqsdJcazA_000018_000028.mp4,0.3625046503019226,-0.2568728277236641,-0.3625046503019228,10,100,777
Kinetics400,TANet,3D-Sampled-Occl-Sens-NEW,176,6mvqsdJcazA_000018_000028.mp4,-0.20419156129041888,-0.2568728277236641,0.20419156129041888,10,100,777
Kinetics400,TANet,LV-LOCO-NEW,176,6mvqsdJcazA_000018_000028.mp4,-0.054451731877188755,-0.0030748916957211592,0.054451731877188776,10,100,777
Kinetics400,TANet,LV-Univ-Pred-NEW,176,6mvqsdJcazA_000018_000028.mp4,-0.13383113176016992,-0.0030748916957211592,0.13383113176016992,10,100,777
Kinetics400,TANet,SaliencyTubes,176,6mvqsdJcazA_000018_000028.mp4,0.40158527778048236,-0.2568728277236641,-0.40158527778048236,10,100,777
Kinetics400,TANet,AOSA,176,6mvqsdJcazA_000018_000028.mp4,0.3208944741801235,-0.2568728277236641,-0.3208944741801232,10,100,777
Kinetics400,TANet,GradCAM,176,6mvqsdJcazA_000018_000028.mp4,0.3724069188747156,-0.2568728277236641,-0.3724069188747154,10,100,777
Kinetics400,TANet,3D-Kernel-SHAP-NEW,177,S5C0fUV6yEo_000003_000013.mp4,0.3799664219412343,-0.017328480068525304,-0.37996642194123437,10,100,777
Kinetics400,TANet,3D-LIME-NEW,177,S5C0fUV6yEo_000003_000013.mp4,0.4024820919079101,-0.017328480068525304,-0.40248209190791023,10,100,777
Kinetics400,TANet,3D-RISE-NEW,177,S5C0fUV6yEo_000003_000013.mp4,0.38178348028295117,0.23911512133151916,-0.3817834802829513,10,100,777
Kinetics400,TANet,3D-Sampled-Occl-Sens-NEW,177,S5C0fUV6yEo_000003_000013.mp4,0.16947328554605048,0.23911512133151916,-0.16947328554605048,10,100,777
Kinetics400,TANet,LV-LOCO-NEW,177,S5C0fUV6yEo_000003_000013.mp4,0.359819184906311,-0.017328480068525304,-0.359819184906311,10,100,777
Kinetics400,TANet,LV-Univ-Pred-NEW,177,S5C0fUV6yEo_000003_000013.mp4,-0.11181853036823776,-0.017328480068525304,0.11181853036823776,10,100,777
Kinetics400,TANet,SaliencyTubes,177,S5C0fUV6yEo_000003_000013.mp4,0.39483697280657765,0.23911512133151916,-0.39483697280657776,10,100,777
Kinetics400,TANet,AOSA,177,S5C0fUV6yEo_000003_000013.mp4,0.0873698367196538,0.23911512133151916,-0.08736983671965379,10,100,777
Kinetics400,TANet,GradCAM,177,S5C0fUV6yEo_000003_000013.mp4,0.46289136277328985,0.23911512133151916,-0.4628913627732902,10,100,777
Kinetics400,TANet,3D-Kernel-SHAP-NEW,183,OVcjZPMeDDc_000001_000011.mp4,0.15105919171198842,0.09228528576090668,-0.15105919171198837,10,100,777
Kinetics400,TANet,3D-LIME-NEW,183,OVcjZPMeDDc_000001_000011.mp4,-0.020619424343199813,0.09228528576090668,0.020619424343199813,10,100,777
Kinetics400,TANet,3D-RISE-NEW,183,OVcjZPMeDDc_000001_000011.mp4,0.08793317574200786,-0.1097783017478948,-0.08793317574200786,10,100,777
Kinetics400,TANet,3D-Sampled-Occl-Sens-NEW,183,OVcjZPMeDDc_000001_000011.mp4,0.2814769982626844,-0.1097783017478948,-0.2814769982626844,10,100,777
Kinetics400,TANet,LV-LOCO-NEW,183,OVcjZPMeDDc_000001_000011.mp4,0.14917248783563078,0.09228528576090668,-0.1491724878356308,10,100,777
Kinetics400,TANet,LV-Univ-Pred-NEW,183,OVcjZPMeDDc_000001_000011.mp4,-0.01757234087349907,0.09228528576090668,0.017572340873499095,10,100,777
Kinetics400,TANet,SaliencyTubes,183,OVcjZPMeDDc_000001_000011.mp4,-0.01322450313244366,-0.1097783017478948,0.01322450313244366,10,100,777
Kinetics400,TANet,AOSA,183,OVcjZPMeDDc_000001_000011.mp4,0.11644192178852374,-0.1097783017478948,-0.11644192178852374,10,100,777
Kinetics400,TANet,GradCAM,183,OVcjZPMeDDc_000001_000011.mp4,-0.028338277705213168,-0.1097783017478948,0.028338277705213126,10,100,777
Kinetics400,TANet,3D-Kernel-SHAP-NEW,213,fcD17GSzCI8_000001_000011.mp4,0.42661986832974547,-0.22523284598925375,-0.42661986832974547,10,100,777
Kinetics400,TANet,3D-LIME-NEW,213,fcD17GSzCI8_000001_000011.mp4,0.5711863575104136,-0.22523284598925375,-0.5711863575104137,10,100,777
Kinetics400,TANet,3D-RISE-NEW,213,fcD17GSzCI8_000001_000011.mp4,0.3544038963336835,-0.13104284844850883,-0.3544038963336835,10,100,777
Kinetics400,TANet,3D-Sampled-Occl-Sens-NEW,213,fcD17GSzCI8_000001_000011.mp4,-0.022196512203760684,-0.13104284844850883,0.022196512203760684,10,100,777
Kinetics400,TANet,LV-LOCO-NEW,213,fcD17GSzCI8_000001_000011.mp4,0.3400456668262436,-0.22523284598925375,-0.3400456668262435,10,100,777
Kinetics400,TANet,LV-Univ-Pred-NEW,213,fcD17GSzCI8_000001_000011.mp4,-0.05437069676378548,-0.22523284598925375,0.05437069676378552,10,100,777
Kinetics400,TANet,SaliencyTubes,213,fcD17GSzCI8_000001_000011.mp4,0.13182032084317394,-0.13104284844850883,-0.13182032084317388,10,100,777
Kinetics400,TANet,AOSA,213,fcD17GSzCI8_000001_000011.mp4,0.2997962148765034,-0.13104284844850883,-0.2997962148765035,10,100,777
Kinetics400,TANet,GradCAM,213,fcD17GSzCI8_000001_000011.mp4,0.27167557095954287,-0.13104284844850883,-0.2716755709595429,10,100,777
Kinetics400,TANet,3D-Kernel-SHAP-NEW,214,mY0Zh6IYpgA_000045_000055.mp4,0.26368699392631884,-0.07867003714316333,-0.2636869939263187,10,100,777
Kinetics400,TANet,3D-LIME-NEW,214,mY0Zh6IYpgA_000045_000055.mp4,0.1909720513421762,-0.07867003714316333,-0.1909720513421762,10,100,777
Kinetics400,TANet,3D-RISE-NEW,214,mY0Zh6IYpgA_000045_000055.mp4,0.48442730468510026,0.02499487019487877,-0.48442730468510004,10,100,777
Kinetics400,TANet,3D-Sampled-Occl-Sens-NEW,214,mY0Zh6IYpgA_000045_000055.mp4,-0.10652761027281296,0.02499487019487877,0.10652761027281296,10,100,777
Kinetics400,TANet,LV-LOCO-NEW,214,mY0Zh6IYpgA_000045_000055.mp4,0.4170494572056305,-0.07867003714316333,-0.4170494572056304,10,100,777
Kinetics400,TANet,LV-Univ-Pred-NEW,214,mY0Zh6IYpgA_000045_000055.mp4,0.10920927922722035,-0.07867003714316333,-0.10920927922722035,10,100,777
Kinetics400,TANet,SaliencyTubes,214,mY0Zh6IYpgA_000045_000055.mp4,0.4808945763458334,0.02499487019487877,-0.48089457634583355,10,100,777
Kinetics400,TANet,AOSA,214,mY0Zh6IYpgA_000045_000055.mp4,0.2120496298436982,0.02499487019487877,-0.2120496298436982,10,100,777
Kinetics400,TANet,GradCAM,214,mY0Zh6IYpgA_000045_000055.mp4,0.49048261395217924,0.02499487019487877,-0.49048261395217924,10,100,777
Kinetics400,TANet,3D-Kernel-SHAP-NEW,220,FOV6Yqg6B_Q_000004_000014.mp4,0.5289325587831364,0.03297551363246656,-0.5289325587831362,10,100,777
Kinetics400,TANet,3D-LIME-NEW,220,FOV6Yqg6B_Q_000004_000014.mp4,0.39015864969614433,0.03297551363246656,-0.3901586496961445,10,100,777
Kinetics400,TANet,3D-RISE-NEW,220,FOV6Yqg6B_Q_000004_000014.mp4,0.2735814676593582,-0.1264004490491227,-0.2735814676593582,10,100,777
Kinetics400,TANet,3D-Sampled-Occl-Sens-NEW,220,FOV6Yqg6B_Q_000004_000014.mp4,0.2423621020448358,-0.1264004490491227,-0.2423621020448358,10,100,777
Kinetics400,TANet,LV-LOCO-NEW,220,FOV6Yqg6B_Q_000004_000014.mp4,0.5295598088991067,0.03297551363246656,-0.5295598088991069,10,100,777
Kinetics400,TANet,LV-Univ-Pred-NEW,220,FOV6Yqg6B_Q_000004_000014.mp4,0.19740232038497377,0.03297551363246656,-0.19740232038497382,10,100,777
Kinetics400,TANet,SaliencyTubes,220,FOV6Yqg6B_Q_000004_000014.mp4,0.28542881780985135,-0.1264004490491227,-0.28542881780985135,10,100,777
Kinetics400,TANet,AOSA,220,FOV6Yqg6B_Q_000004_000014.mp4,0.07532512686704995,-0.1264004490491227,-0.07532512686704995,10,100,777
Kinetics400,TANet,GradCAM,220,FOV6Yqg6B_Q_000004_000014.mp4,0.3076651922586617,-0.1264004490491227,-0.3076651922586616,10,100,777
Kinetics400,TANet,3D-Kernel-SHAP-NEW,231,2ZP4Tcq4nq8_000020_000030.mp4,-0.1872106569494926,0.08358527822429501,0.1872106569494925,10,100,777
Kinetics400,TANet,3D-LIME-NEW,231,2ZP4Tcq4nq8_000020_000030.mp4,-0.022088496400752975,0.08358527822429501,0.022088496400752996,10,100,777
Kinetics400,TANet,3D-RISE-NEW,231,2ZP4Tcq4nq8_000020_000030.mp4,0.09880361381407674,0.10415532122788207,-0.09880361381407674,10,100,777
Kinetics400,TANet,3D-Sampled-Occl-Sens-NEW,231,2ZP4Tcq4nq8_000020_000030.mp4,0.19828899376000086,0.10415532122788207,-0.19828899376000086,10,100,777
Kinetics400,TANet,LV-LOCO-NEW,231,2ZP4Tcq4nq8_000020_000030.mp4,0.46753309461371,0.08358527822429501,-0.4675330946137102,10,100,777
Kinetics400,TANet,LV-Univ-Pred-NEW,231,2ZP4Tcq4nq8_000020_000030.mp4,0.0037262150980928166,0.08358527822429501,-0.003726215098092811,10,100,777
Kinetics400,TANet,SaliencyTubes,231,2ZP4Tcq4nq8_000020_000030.mp4,-0.11520203191394944,0.10415532122788207,0.11520203191394934,10,100,777
Kinetics400,TANet,AOSA,231,2ZP4Tcq4nq8_000020_000030.mp4,-0.1131038154462196,0.10415532122788207,0.11310381544621954,10,100,777
Kinetics400,TANet,GradCAM,231,2ZP4Tcq4nq8_000020_000030.mp4,-0.09557264903699456,0.10415532122788207,0.09557264903699465,10,100,777
Kinetics400,TANet,3D-Kernel-SHAP-NEW,236,2G1sRvmbza0_000000_000010.mp4,-0.14643652598444654,0.109894630030313,0.14643652598444654,10,100,777
Kinetics400,TANet,3D-LIME-NEW,236,2G1sRvmbza0_000000_000010.mp4,-0.11869747561558078,0.109894630030313,0.11869747561558074,10,100,777
Kinetics400,TANet,3D-RISE-NEW,236,2G1sRvmbza0_000000_000010.mp4,0.4263622746533487,-0.04365874756020878,-0.4263622746533487,10,100,777
Kinetics400,TANet,3D-Sampled-Occl-Sens-NEW,236,2G1sRvmbza0_000000_000010.mp4,-0.0032391734214959793,-0.04365874756020878,0.0032391734214959793,10,100,777
Kinetics400,TANet,LV-LOCO-NEW,236,2G1sRvmbza0_000000_000010.mp4,-0.11491861214939575,0.109894630030313,0.1149186121493958,10,100,777
Kinetics400,TANet,LV-Univ-Pred-NEW,236,2G1sRvmbza0_000000_000010.mp4,-0.07048910065169738,0.109894630030313,0.07048910065169739,10,100,777
Kinetics400,TANet,SaliencyTubes,236,2G1sRvmbza0_000000_000010.mp4,-0.21999704583836968,-0.04365874756020878,0.21999704583836968,10,100,777
Kinetics400,TANet,AOSA,236,2G1sRvmbza0_000000_000010.mp4,0.4410004455245733,-0.04365874756020878,-0.4410004455245733,10,100,777
Kinetics400,TANet,GradCAM,236,2G1sRvmbza0_000000_000010.mp4,0.079173361499478,-0.04365874756020878,-0.07917336149947804,10,100,777
Kinetics400,TANet,3D-Kernel-SHAP-NEW,243,E-KmvjxUsd8_000110_000120.mp4,0.023763417439322743,-0.10492600492333648,-0.023763417439322754,10,100,777
Kinetics400,TANet,3D-LIME-NEW,243,E-KmvjxUsd8_000110_000120.mp4,0.6007377366640568,-0.10492600492333648,-0.6007377366640566,10,100,777
Kinetics400,TANet,3D-RISE-NEW,243,E-KmvjxUsd8_000110_000120.mp4,0.38051116986248495,0.011124486292470948,-0.38051116986248495,10,100,777
Kinetics400,TANet,3D-Sampled-Occl-Sens-NEW,243,E-KmvjxUsd8_000110_000120.mp4,0.3554857905497917,0.011124486292470948,-0.3554857905497917,10,100,777
Kinetics400,TANet,LV-LOCO-NEW,243,E-KmvjxUsd8_000110_000120.mp4,0.8547395790344983,-0.10492600492333648,-0.8547395790344983,10,100,777
Kinetics400,TANet,LV-Univ-Pred-NEW,243,E-KmvjxUsd8_000110_000120.mp4,-0.10749438256046455,-0.10492600492333648,0.10749438256046451,10,100,777
Kinetics400,TANet,SaliencyTubes,243,E-KmvjxUsd8_000110_000120.mp4,0.402397387059576,0.011124486292470948,-0.402397387059576,10,100,777
Kinetics400,TANet,AOSA,243,E-KmvjxUsd8_000110_000120.mp4,0.1351754629772614,0.011124486292470948,-0.1351754629772615,10,100,777
Kinetics400,TANet,GradCAM,243,E-KmvjxUsd8_000110_000120.mp4,0.36060342518440747,0.011124486292470948,-0.36060342518440747,10,100,777
Kinetics400,TANet,3D-Kernel-SHAP-NEW,244,0q1c6APn11c_000043_000053.mp4,-0.08448557894463192,0.031478083942048415,0.08448557894463196,10,100,777
Kinetics400,TANet,3D-LIME-NEW,244,0q1c6APn11c_000043_000053.mp4,-0.01696355416968719,0.031478083942048415,0.016963554169687197,10,100,777
Kinetics400,TANet,3D-RISE-NEW,244,0q1c6APn11c_000043_000053.mp4,0.38983033620471685,0.013121291039145574,-0.38983033620471685,10,100,777
Kinetics400,TANet,3D-Sampled-Occl-Sens-NEW,244,0q1c6APn11c_000043_000053.mp4,0.057714130222298786,0.013121291039145574,-0.05771413022229879,10,100,777
Kinetics400,TANet,LV-LOCO-NEW,244,0q1c6APn11c_000043_000053.mp4,0.013337576092855812,0.031478083942048415,-0.01333757609285581,10,100,777
Kinetics400,TANet,LV-Univ-Pred-NEW,244,0q1c6APn11c_000043_000053.mp4,-0.23308210315885622,0.031478083942048415,0.2330821031588561,10,100,777
Kinetics400,TANet,SaliencyTubes,244,0q1c6APn11c_000043_000053.mp4,-0.4566953347577346,0.013121291039145574,0.4566953347577349,10,100,777
Kinetics400,TANet,AOSA,244,0q1c6APn11c_000043_000053.mp4,0.4555782102993641,0.013121291039145574,-0.45557821029936396,10,100,777
Kinetics400,TANet,GradCAM,244,0q1c6APn11c_000043_000053.mp4,-0.4277145839765823,0.013121291039145574,0.4277145839765823,10,100,777
Kinetics400,TANet,3D-Kernel-SHAP-NEW,252,vmlKvajfs_I_000191_000201.mp4,0.5083598395267293,0.05105751405020388,-0.5083598395267293,10,100,777
Kinetics400,TANet,3D-LIME-NEW,252,vmlKvajfs_I_000191_000201.mp4,0.328064648333401,0.05105751405020388,-0.32806464833340077,10,100,777
Kinetics400,TANet,3D-RISE-NEW,252,vmlKvajfs_I_000191_000201.mp4,0.6869162542887137,-0.10188817080197772,-0.6869162542887137,10,100,777
Kinetics400,TANet,3D-Sampled-Occl-Sens-NEW,252,vmlKvajfs_I_000191_000201.mp4,0.1994306835960525,-0.10188817080197772,-0.1994306835960525,10,100,777
Kinetics400,TANet,LV-LOCO-NEW,252,vmlKvajfs_I_000191_000201.mp4,0.6113174970283608,0.05105751405020388,-0.6113174970283608,10,100,777
Kinetics400,TANet,LV-Univ-Pred-NEW,252,vmlKvajfs_I_000191_000201.mp4,0.34888411403338426,0.05105751405020388,-0.34888411403338415,10,100,777
Kinetics400,TANet,SaliencyTubes,252,vmlKvajfs_I_000191_000201.mp4,0.3909192921215054,-0.10188817080197772,-0.3909192921215054,10,100,777
Kinetics400,TANet,AOSA,252,vmlKvajfs_I_000191_000201.mp4,0.5931366698480354,-0.10188817080197772,-0.5931366698480354,10,100,777
Kinetics400,TANet,GradCAM,252,vmlKvajfs_I_000191_000201.mp4,0.5108659168321292,-0.10188817080197772,-0.5108659168321292,10,100,777
Kinetics400,TANet,3D-Kernel-SHAP-NEW,253,LuBHCaA0bo4_000020_000030.mp4,0.14843672485343384,-0.04401193914861118,-0.14843672485343384,10,100,777
Kinetics400,TANet,3D-LIME-NEW,253,LuBHCaA0bo4_000020_000030.mp4,0.10475417956510852,-0.04401193914861118,-0.10475417956510855,10,100,777
Kinetics400,TANet,3D-RISE-NEW,253,LuBHCaA0bo4_000020_000030.mp4,0.32014230206264244,0.10415678423420834,-0.32014230206264244,10,100,777
Kinetics400,TANet,3D-Sampled-Occl-Sens-NEW,253,LuBHCaA0bo4_000020_000030.mp4,-0.06714648447226391,0.10415678423420834,0.06714648447226396,10,100,777
Kinetics400,TANet,LV-LOCO-NEW,253,LuBHCaA0bo4_000020_000030.mp4,0.5082413250650238,-0.04401193914861118,-0.5082413250650236,10,100,777
Kinetics400,TANet,LV-Univ-Pred-NEW,253,LuBHCaA0bo4_000020_000030.mp4,0.17317422827210818,-0.04401193914861118,-0.17317422827210818,10,100,777
Kinetics400,TANet,SaliencyTubes,253,LuBHCaA0bo4_000020_000030.mp4,0.24264647144052617,0.10415678423420834,-0.24264647144052617,10,100,777
Kinetics400,TANet,AOSA,253,LuBHCaA0bo4_000020_000030.mp4,0.34727750753162584,0.10415678423420834,-0.34727750753162584,10,100,777
Kinetics400,TANet,GradCAM,253,LuBHCaA0bo4_000020_000030.mp4,0.33860041278460773,0.10415678423420834,-0.3386004127846077,10,100,777
Kinetics400,TANet,3D-Kernel-SHAP-NEW,256,xQ5PoSoQnK0_000073_000083.mp4,0.15781687504028427,-0.17069450265226227,-0.1578168750402843,10,100,777
Kinetics400,TANet,3D-LIME-NEW,256,xQ5PoSoQnK0_000073_000083.mp4,0.21587949265863554,-0.17069450265226227,-0.21587949265863554,10,100,777
Kinetics400,TANet,3D-RISE-NEW,256,xQ5PoSoQnK0_000073_000083.mp4,0.5370921398886084,0.13184265029692127,-0.5370921398886083,10,100,777
Kinetics400,TANet,3D-Sampled-Occl-Sens-NEW,256,xQ5PoSoQnK0_000073_000083.mp4,0.2196998216041116,0.13184265029692127,-0.21969982160411167,10,100,777
Kinetics400,TANet,LV-LOCO-NEW,256,xQ5PoSoQnK0_000073_000083.mp4,0.17655366906042202,-0.17069450265226227,-0.176553669060422,10,100,777
Kinetics400,TANet,LV-Univ-Pred-NEW,256,xQ5PoSoQnK0_000073_000083.mp4,0.060375644002819584,-0.17069450265226227,-0.060375644002819584,10,100,777
Kinetics400,TANet,SaliencyTubes,256,xQ5PoSoQnK0_000073_000083.mp4,0.16448238633437542,0.13184265029692127,-0.16448238633437542,10,100,777
Kinetics400,TANet,AOSA,256,xQ5PoSoQnK0_000073_000083.mp4,0.18384219356107495,0.13184265029692127,-0.18384219356107495,10,100,777
Kinetics400,TANet,GradCAM,256,xQ5PoSoQnK0_000073_000083.mp4,0.30725526705708545,0.13184265029692127,-0.30725526705708545,10,100,777
Kinetics400,TANet,3D-Kernel-SHAP-NEW,298,72vAM2L477g_000015_000025.mp4,0.09573870741819379,0.07254598567515409,-0.09573870741819382,10,100,777
Kinetics400,TANet,3D-LIME-NEW,298,72vAM2L477g_000015_000025.mp4,-0.0888481434261399,0.07254598567515409,0.0888481434261399,10,100,777
Kinetics400,TANet,3D-RISE-NEW,298,72vAM2L477g_000015_000025.mp4,-0.11554218059724237,0.002109940856785143,0.11554218059724244,10,100,777
Kinetics400,TANet,3D-Sampled-Occl-Sens-NEW,298,72vAM2L477g_000015_000025.mp4,0.3373501034476906,0.002109940856785143,-0.3373501034476906,10,100,777
Kinetics400,TANet,LV-LOCO-NEW,298,72vAM2L477g_000015_000025.mp4,0.08604460261352942,0.07254598567515409,-0.08604460261352945,10,100,777
Kinetics400,TANet,LV-Univ-Pred-NEW,298,72vAM2L477g_000015_000025.mp4,-0.11253196018616034,0.07254598567515409,0.11253196018616037,10,100,777
Kinetics400,TANet,SaliencyTubes,298,72vAM2L477g_000015_000025.mp4,-0.36033327442745583,0.002109940856785143,0.36033327442745616,10,100,777
Kinetics400,TANet,AOSA,298,72vAM2L477g_000015_000025.mp4,-0.31707320199392325,0.002109940856785143,0.31707320199392325,10,100,777
Kinetics400,TANet,GradCAM,298,72vAM2L477g_000015_000025.mp4,-0.26685302543444406,0.002109940856785143,0.2668530254344442,10,100,777
Kinetics400,TANet,3D-Kernel-SHAP-NEW,301,WLlSvm6yuj4_000011_000021.mp4,0.07002827043628784,-0.0343675918100428,-0.07002827043628787,10,100,777
Kinetics400,TANet,3D-LIME-NEW,301,WLlSvm6yuj4_000011_000021.mp4,0.07917632768783354,-0.0343675918100428,-0.07917632768783348,10,100,777
Kinetics400,TANet,3D-RISE-NEW,301,WLlSvm6yuj4_000011_000021.mp4,0.33773070022896134,-0.17390430680678845,-0.33773070022896134,10,100,777
Kinetics400,TANet,3D-Sampled-Occl-Sens-NEW,301,WLlSvm6yuj4_000011_000021.mp4,0.022905947618888863,-0.17390430680678845,-0.022905947618888863,10,100,777
Kinetics400,TANet,LV-LOCO-NEW,301,WLlSvm6yuj4_000011_000021.mp4,0.40339920856529476,-0.0343675918100428,-0.4033992085652947,10,100,777
Kinetics400,TANet,LV-Univ-Pred-NEW,301,WLlSvm6yuj4_000011_000021.mp4,-0.03597386707711376,-0.0343675918100428,0.035973867077113746,10,100,777
Kinetics400,TANet,SaliencyTubes,301,WLlSvm6yuj4_000011_000021.mp4,0.3868972789764514,-0.17390430680678845,-0.38689727897645143,10,100,777
Kinetics400,TANet,AOSA,301,WLlSvm6yuj4_000011_000021.mp4,0.13064584606134758,-0.17390430680678845,-0.13064584606134758,10,100,777
Kinetics400,TANet,GradCAM,301,WLlSvm6yuj4_000011_000021.mp4,0.37163836089043967,-0.17390430680678845,-0.3716383608904394,10,100,777
Kinetics400,TANet,3D-Kernel-SHAP-NEW,32,gM4HJUB1AlA_000143_000153.mp4,0.16305086246264477,0.03928432355746558,-0.16305086246264483,10,100,777
Kinetics400,TANet,3D-LIME-NEW,32,gM4HJUB1AlA_000143_000153.mp4,0.4840974512131832,0.03928432355746558,-0.48409745121318326,10,100,777
Kinetics400,TANet,3D-RISE-NEW,32,gM4HJUB1AlA_000143_000153.mp4,0.18724445364001283,-0.12989938517152919,-0.1872444536400128,10,100,777
Kinetics400,TANet,3D-Sampled-Occl-Sens-NEW,32,gM4HJUB1AlA_000143_000153.mp4,0.33503691892320114,-0.12989938517152919,-0.33503691892320114,10,100,777
Kinetics400,TANet,LV-LOCO-NEW,32,gM4HJUB1AlA_000143_000153.mp4,0.5989491985163734,0.03928432355746558,-0.5989491985163734,10,100,777
Kinetics400,TANet,LV-Univ-Pred-NEW,32,gM4HJUB1AlA_000143_000153.mp4,-0.048534873266221634,0.03928432355746558,0.04853487326622165,10,100,777
Kinetics400,TANet,SaliencyTubes,32,gM4HJUB1AlA_000143_000153.mp4,0.2841104056703983,-0.12989938517152919,-0.2841104056703983,10,100,777
Kinetics400,TANet,AOSA,32,gM4HJUB1AlA_000143_000153.mp4,0.3787337010767644,-0.12989938517152919,-0.37873370107676424,10,100,777
Kinetics400,TANet,GradCAM,32,gM4HJUB1AlA_000143_000153.mp4,0.3147108236439898,-0.12989938517152919,-0.3147108236439898,10,100,777
Kinetics400,TANet,3D-Kernel-SHAP-NEW,336,lZhpAQIw_X4_000000_000010.mp4,0.28422974434959447,-0.028728484410500764,-0.28422974434959436,10,100,777
Kinetics400,TANet,3D-LIME-NEW,336,lZhpAQIw_X4_000000_000010.mp4,0.5506825221458965,-0.028728484410500764,-0.5506825221458963,10,100,777
Kinetics400,TANet,3D-RISE-NEW,336,lZhpAQIw_X4_000000_000010.mp4,0.5277451364716444,-0.14449151495462634,-0.5277451364716441,10,100,777
Kinetics400,TANet,3D-Sampled-Occl-Sens-NEW,336,lZhpAQIw_X4_000000_000010.mp4,0.04417223672486725,-0.14449151495462634,-0.04417223672486718,10,100,777
Kinetics400,TANet,LV-LOCO-NEW,336,lZhpAQIw_X4_000000_000010.mp4,0.6666670412181974,-0.028728484410500764,-0.6666670412181974,10,100,777
Kinetics400,TANet,LV-Univ-Pred-NEW,336,lZhpAQIw_X4_000000_000010.mp4,0.05274537081792345,-0.028728484410500764,-0.05274537081792342,10,100,777
Kinetics400,TANet,SaliencyTubes,336,lZhpAQIw_X4_000000_000010.mp4,0.42240355521534595,-0.14449151495462634,-0.42240355521534584,10,100,777
Kinetics400,TANet,AOSA,336,lZhpAQIw_X4_000000_000010.mp4,0.4186005989899403,-0.14449151495462634,-0.4186005989899403,10,100,777
Kinetics400,TANet,GradCAM,336,lZhpAQIw_X4_000000_000010.mp4,0.4380168783212821,-0.14449151495462634,-0.4380168783212821,10,100,777
Kinetics400,TANet,3D-Kernel-SHAP-NEW,345,JtCdw8xvMF0_000020_000030.mp4,0.6500298294734722,-0.3012107301575452,-0.650029829473473,10,100,777
Kinetics400,TANet,3D-LIME-NEW,345,JtCdw8xvMF0_000020_000030.mp4,0.7373521436286338,-0.3012107301575452,-0.7373521436286339,10,100,777
Kinetics400,TANet,3D-RISE-NEW,345,JtCdw8xvMF0_000020_000030.mp4,0.005553293581841772,-0.05450348868101717,-0.005553293581841774,10,100,777
Kinetics400,TANet,3D-Sampled-Occl-Sens-NEW,345,JtCdw8xvMF0_000020_000030.mp4,-0.1166050531847152,-0.05450348868101717,0.1166050531847152,10,100,777
Kinetics400,TANet,LV-LOCO-NEW,345,JtCdw8xvMF0_000020_000030.mp4,0.8141106237924058,-0.3012107301575452,-0.8141106237924058,10,100,777
Kinetics400,TANet,LV-Univ-Pred-NEW,345,JtCdw8xvMF0_000020_000030.mp4,0.052580306324501384,-0.3012107301575452,-0.052580306324501405,10,100,777
Kinetics400,TANet,SaliencyTubes,345,JtCdw8xvMF0_000020_000030.mp4,0.18979393166678182,-0.05450348868101717,-0.18979393166678182,10,100,777
Kinetics400,TANet,AOSA,345,JtCdw8xvMF0_000020_000030.mp4,-0.1602930803882336,-0.05450348868101717,0.1602930803882336,10,100,777
Kinetics400,TANet,GradCAM,345,JtCdw8xvMF0_000020_000030.mp4,0.22311799137138982,-0.05450348868101717,-0.2231179913713897,10,100,777
Kinetics400,TANet,3D-Kernel-SHAP-NEW,35,Gvjdcbitk6s_000049_000059.mp4,0.17053249100407117,0.15284382468557284,-0.1705324910040712,10,100,777
Kinetics400,TANet,3D-LIME-NEW,35,Gvjdcbitk6s_000049_000059.mp4,-0.0688895418352302,0.15284382468557284,0.06888954183523018,10,100,777
Kinetics400,TANet,3D-RISE-NEW,35,Gvjdcbitk6s_000049_000059.mp4,0.41148372762249635,0.025145590144843986,-0.41148372762249635,10,100,777
Kinetics400,TANet,3D-Sampled-Occl-Sens-NEW,35,Gvjdcbitk6s_000049_000059.mp4,0.3606568481332989,0.025145590144843986,-0.3606568481332989,10,100,777
Kinetics400,TANet,LV-LOCO-NEW,35,Gvjdcbitk6s_000049_000059.mp4,0.09451665037723914,0.15284382468557284,-0.09451665037723908,10,100,777
Kinetics400,TANet,LV-Univ-Pred-NEW,35,Gvjdcbitk6s_000049_000059.mp4,0.16277772959395714,0.15284382468557284,-0.16277772959395714,10,100,777
Kinetics400,TANet,SaliencyTubes,35,Gvjdcbitk6s_000049_000059.mp4,0.6518820951969058,0.025145590144843986,-0.6518820951969057,10,100,777
Kinetics400,TANet,AOSA,35,Gvjdcbitk6s_000049_000059.mp4,-0.3040343539917235,0.025145590144843986,0.3040343539917235,10,100,777
Kinetics400,TANet,GradCAM,35,Gvjdcbitk6s_000049_000059.mp4,0.711805522040283,0.025145590144843986,-0.7118055220402832,10,100,777
Kinetics400,TANet,3D-Kernel-SHAP-NEW,355,7YWrSwXh0QQ_000189_000199.mp4,0.11507282763605335,-0.024579197327110464,-0.1150728276360534,10,100,777
Kinetics400,TANet,3D-LIME-NEW,355,7YWrSwXh0QQ_000189_000199.mp4,0.2789163386348631,-0.024579197327110464,-0.27891633863486326,10,100,777
Kinetics400,TANet,3D-RISE-NEW,355,7YWrSwXh0QQ_000189_000199.mp4,0.5166142464285866,-0.08411910763850132,-0.5166142464285866,10,100,777
Kinetics400,TANet,3D-Sampled-Occl-Sens-NEW,355,7YWrSwXh0QQ_000189_000199.mp4,-0.09724072852466824,-0.08411910763850132,0.09724072852466824,10,100,777
Kinetics400,TANet,LV-LOCO-NEW,355,7YWrSwXh0QQ_000189_000199.mp4,0.2759741312578205,-0.024579197327110464,-0.2759741312578204,10,100,777
Kinetics400,TANet,LV-Univ-Pred-NEW,355,7YWrSwXh0QQ_000189_000199.mp4,-0.12085425840686732,-0.024579197327110464,0.12085425840686735,10,100,777
Kinetics400,TANet,SaliencyTubes,355,7YWrSwXh0QQ_000189_000199.mp4,0.2229626075570516,-0.08411910763850132,-0.22296260755705147,10,100,777
Kinetics400,TANet,AOSA,355,7YWrSwXh0QQ_000189_000199.mp4,0.12020109565642405,-0.08411910763850132,-0.12020109565642405,10,100,777
Kinetics400,TANet,GradCAM,355,7YWrSwXh0QQ_000189_000199.mp4,0.1483534914230128,-0.08411910763850132,-0.1483534914230128,10,100,777
Kinetics400,TANet,3D-Kernel-SHAP-NEW,369,51Pr9xdOU7U_000121_000131.mp4,0.46197487238199947,-0.09013973439549833,-0.46197487238199986,10,100,777
Kinetics400,TANet,3D-LIME-NEW,369,51Pr9xdOU7U_000121_000131.mp4,0.6106692102971659,-0.09013973439549833,-0.6106692102971659,10,100,777
Kinetics400,TANet,3D-RISE-NEW,369,51Pr9xdOU7U_000121_000131.mp4,0.2923971935130605,-0.03980826952978295,-0.2923971935130605,10,100,777
Kinetics400,TANet,3D-Sampled-Occl-Sens-NEW,369,51Pr9xdOU7U_000121_000131.mp4,0.04260034562298231,-0.03980826952978295,-0.042600345622982295,10,100,777
Kinetics400,TANet,LV-LOCO-NEW,369,51Pr9xdOU7U_000121_000131.mp4,0.6476338985328653,-0.09013973439549833,-0.6476338985328653,10,100,777
Kinetics400,TANet,LV-Univ-Pred-NEW,369,51Pr9xdOU7U_000121_000131.mp4,0.003653935868960795,-0.09013973439549833,-0.0036539358689608027,10,100,777
Kinetics400,TANet,SaliencyTubes,369,51Pr9xdOU7U_000121_000131.mp4,0.29017058094506387,-0.03980826952978295,-0.2901705809450638,10,100,777
Kinetics400,TANet,AOSA,369,51Pr9xdOU7U_000121_000131.mp4,0.20774459642643323,-0.03980826952978295,-0.20774459642643323,10,100,777
Kinetics400,TANet,GradCAM,369,51Pr9xdOU7U_000121_000131.mp4,0.3542789935332647,-0.03980826952978295,-0.35427899353326475,10,100,777
Kinetics400,TANet,3D-Kernel-SHAP-NEW,375,y9z2_r8pwG8_000036_000046.mp4,0.4053321417235486,0.03854409971752549,-0.40533214172354864,10,100,777
Kinetics400,TANet,3D-LIME-NEW,375,y9z2_r8pwG8_000036_000046.mp4,0.5112491119611283,0.03854409971752549,-0.5112491119611283,10,100,777
Kinetics400,TANet,3D-RISE-NEW,375,y9z2_r8pwG8_000036_000046.mp4,0.3683611874770033,-0.028881779278737637,-0.3683611874770033,10,100,777
Kinetics400,TANet,3D-Sampled-Occl-Sens-NEW,375,y9z2_r8pwG8_000036_000046.mp4,-0.0476588934254622,-0.028881779278737637,0.047658893425462236,10,100,777
Kinetics400,TANet,LV-LOCO-NEW,375,y9z2_r8pwG8_000036_000046.mp4,0.39147586295253417,0.03854409971752549,-0.39147586295253456,10,100,777
Kinetics400,TANet,LV-Univ-Pred-NEW,375,y9z2_r8pwG8_000036_000046.mp4,-0.16740413029978032,0.03854409971752549,0.16740413029978032,10,100,777
Kinetics400,TANet,SaliencyTubes,375,y9z2_r8pwG8_000036_000046.mp4,0.40695091465027994,-0.028881779278737637,-0.40695091465028,10,100,777
Kinetics400,TANet,AOSA,375,y9z2_r8pwG8_000036_000046.mp4,0.28881460907024287,-0.028881779278737637,-0.28881460907024276,10,100,777
Kinetics400,TANet,GradCAM,375,y9z2_r8pwG8_000036_000046.mp4,0.40625323284150877,-0.028881779278737637,-0.4062532328415086,10,100,777
Kinetics400,TANet,3D-Kernel-SHAP-NEW,398,d2yKqlwqiOY_000002_000012.mp4,0.003556853411828139,-0.24012628184137289,-0.0035568534118280938,10,100,777
Kinetics400,TANet,3D-LIME-NEW,398,d2yKqlwqiOY_000002_000012.mp4,0.3168023820726737,-0.24012628184137289,-0.31680238207267375,10,100,777
Kinetics400,TANet,3D-RISE-NEW,398,d2yKqlwqiOY_000002_000012.mp4,0.21083427035173263,0.043619885530459056,-0.21083427035173252,10,100,777
Kinetics400,TANet,3D-Sampled-Occl-Sens-NEW,398,d2yKqlwqiOY_000002_000012.mp4,-0.01446450741360103,0.043619885530459056,0.01446450741360103,10,100,777
Kinetics400,TANet,LV-LOCO-NEW,398,d2yKqlwqiOY_000002_000012.mp4,0.518549276579086,-0.24012628184137289,-0.5185492765790857,10,100,777
Kinetics400,TANet,LV-Univ-Pred-NEW,398,d2yKqlwqiOY_000002_000012.mp4,-0.18733193938139078,-0.24012628184137289,0.18733193938139076,10,100,777
Kinetics400,TANet,SaliencyTubes,398,d2yKqlwqiOY_000002_000012.mp4,0.39820609171404064,0.043619885530459056,-0.3982060917140404,10,100,777
Kinetics400,TANet,AOSA,398,d2yKqlwqiOY_000002_000012.mp4,0.2575929848234133,0.043619885530459056,-0.25759298482341325,10,100,777
Kinetics400,TANet,GradCAM,398,d2yKqlwqiOY_000002_000012.mp4,0.4673623378366561,0.043619885530459056,-0.4673623378366561,10,100,777
Kinetics400,TANet,3D-Kernel-SHAP-NEW,78,XXxIZLe0iQo_000003_000013.mp4,0.22569482081105624,0.08373587576258565,-0.22569482081105618,10,100,777
Kinetics400,TANet,3D-LIME-NEW,78,XXxIZLe0iQo_000003_000013.mp4,0.20786274919875067,0.08373587576258565,-0.20786274919875064,10,100,777
Kinetics400,TANet,3D-RISE-NEW,78,XXxIZLe0iQo_000003_000013.mp4,0.41465665731291634,0.01621781439434007,-0.4146566573129164,10,100,777
Kinetics400,TANet,3D-Sampled-Occl-Sens-NEW,78,XXxIZLe0iQo_000003_000013.mp4,0.3009827630586041,0.01621781439434007,-0.3009827630586041,10,100,777
Kinetics400,TANet,LV-LOCO-NEW,78,XXxIZLe0iQo_000003_000013.mp4,0.6185858207089174,0.08373587576258565,-0.6185858207089174,10,100,777
Kinetics400,TANet,LV-Univ-Pred-NEW,78,XXxIZLe0iQo_000003_000013.mp4,0.06596323132909925,0.08373587576258565,-0.06596323132909925,10,100,777
Kinetics400,TANet,SaliencyTubes,78,XXxIZLe0iQo_000003_000013.mp4,0.07829668533528465,0.01621781439434007,-0.07829668533528464,10,100,777
Kinetics400,TANet,AOSA,78,XXxIZLe0iQo_000003_000013.mp4,-0.0010839148802860299,0.01621781439434007,0.001083914880286031,10,100,777
Kinetics400,TANet,GradCAM,78,XXxIZLe0iQo_000003_000013.mp4,0.3079325894191592,0.01621781439434007,-0.30793258941915924,10,100,777
