metric,Dataset,method,method_display,N,mean,std,median,q25,q75,IQR,direction
avg_drop,EtriActivity3D,3D-Kernel-SHAP-NEW,3D-Kernel-SHAP,30,22.21540667612555,24.67482796448043,17.134800478605506,0.0009238719985482,41.31320267915726,41.31227880715871,lower
avg_drop,EtriActivity3D,3D-LIME-NEW,3D-LIME,30,16.36148598203989,26.362654365625662,0.6542594409182476,0.0,26.999549248525263,26.999549248525263,lower
avg_drop,EtriActivity3D,3D-RISE-NEW,3D-RISE,30,2.319062347243487,7.16674414091582,0.00014007091646558659,0.0,0.9070130139864154,0.9070130139864154,lower
avg_drop,EtriActivity3D,3D-Sampled-Occl-Sens-NEW,3D-Sampled-Occl-Sens,30,53.46847766051617,44.15545925913853,72.48485373516463,4.3768109249569775,97.53970558588155,93.16289466092456,lower
avg_drop,EtriActivity3D,AOSA,AOSA,30,20.953317396468375,31.929581841620887,0.4260841751287908,0.0,39.046197907444096,39.046197907444096,lower
avg_drop,EtriActivity3D,GradCAM,GradCAM,30,34.78531978300891,37.44186904254682,15.104125704582447,0.6894575095363696,71.52495183662299,70.83549432708662,lower
avg_drop,EtriActivity3D,LV-LOCO-NEW,LV-LOCO,30,59.61616594114787,35.07403707054004,69.56314390854737,42.2443796915292,91.1053059908229,48.8609262992937,lower
avg_drop,EtriActivity3D,LV-Univ-Pred-NEW,LV-Univ-Pred,30,72.71949379243284,39.74715890326759,98.57221871286637,50.609495759966556,99.86661819892936,49.2571224389628,lower
avg_drop,EtriActivity3D,SaliencyTubes,SaliencyTubes,30,20.100864202339917,27.686426127363763,4.802685811004492,0.14525134546747098,35.07766854101989,34.93241719555242,lower
avg_drop,Kinetics400,3D-Kernel-SHAP-NEW,3D-Kernel-SHAP,30,33.26870078594797,30.449263477151387,30.877539585069254,5.157389448298065,55.002340116922284,49.84495066862422,lower
avg_drop,Kinetics400,3D-LIME-NEW,3D-LIME,30,28.735357561439336,31.361585932779786,25.830263463876747,0.06499401154994135,43.16565213389029,43.10065812234035,lower
avg_drop,Kinetics400,3D-RISE-NEW,3D-RISE,30,5.834742624449917,12.604443379036798,0.0,0.0,2.0599577563331635,2.0599577563331635,lower
avg_drop,Kinetics400,3D-Sampled-Occl-Sens-NEW,3D-Sampled-Occl-Sens,30,11.36986692163932,25.24264347519602,0.0,0.0,4.77429831454902,4.77429831454902,lower
avg_drop,Kinetics400,AOSA,AOSA,30,35.64586070465645,37.31522621960013,22.09063496754242,0.0,73.63714752558803,73.63714752558803,lower
avg_drop,Kinetics400,GradCAM,GradCAM,30,26.688628147307305,34.75604233224938,6.69432484039603,0.0,36.355543707663614,36.355543707663614,lower
avg_drop,Kinetics400,LV-LOCO-NEW,LV-LOCO,30,74.12999337912116,35.44965630337746,94.69320739498318,47.53581991752266,97.92864098123562,50.39282106371296,lower
avg_drop,Kinetics400,LV-Univ-Pred-NEW,LV-Univ-Pred,30,77.37793279068278,38.26331286069406,99.05580969262265,78.93770108773226,99.53141112762958,20.593710039897317,lower
avg_drop,Kinetics400,SaliencyTubes,SaliencyTubes,30,28.503836689992404,32.653970239857,12.772258340115833,0.0,53.96847050839774,53.96847050839774,lower
avg_drop,Overall,3D-Kernel-SHAP-NEW,3D-Kernel-SHAP,60,27.742053731036762,28.036528327881665,19.846056406014572,0.5334045399026115,49.11814869081151,48.5847441509089,lower
avg_drop,Overall,3D-LIME-NEW,3D-LIME,60,22.548421771739616,29.39338977145638,2.8437616031494306,0.0,36.42265972443162,36.42265972443162,lower
avg_drop,Overall,3D-RISE-NEW,3D-RISE,60,4.076902485846702,10.318809825764424,0.0,0.0,1.2762962345927735,1.2762962345927735,lower
avg_drop,Overall,3D-Sampled-Occl-Sens-NEW,3D-Sampled-Occl-Sens,60,32.41917229107774,41.49828845157347,4.674050276292834,0.0,85.14209884762735,85.14209884762735,lower
avg_drop,Overall,AOSA,AOSA,60,28.299589050562414,35.2193771926774,5.316189986985422,0.0,61.39789304318042,61.39789304318042,lower
avg_drop,Overall,GradCAM,GradCAM,60,30.736973965158104,36.04840231906295,14.356446244876665,0.007675588588451625,64.51681792361187,64.50914233502341,lower
avg_drop,Overall,LV-LOCO-NEW,LV-LOCO,60,66.87307966013451,35.719929358365796,81.98592232197001,40.88569754695341,96.90200022036437,56.01630267341096,lower
avg_drop,Overall,LV-Univ-Pred-NEW,LV-Univ-Pred,60,75.04871329155782,38.75151842082614,98.86080628252823,66.15607416349435,99.7628596037178,33.60678544022345,lower
avg_drop,Overall,SaliencyTubes,SaliencyTubes,60,24.302350446166162,30.312197063797562,5.841710686023642,0.014117482820336699,39.05872211500064,39.0446046321803,lower
bbox_energy_ratio,EtriActivity3D,3D-Kernel-SHAP-NEW,3D-Kernel-SHAP,30,0.24037834834307426,0.19045370290883815,0.2031745761632919,0.13420765846967692,0.2908003330230713,0.15659267455339437,higher
bbox_energy_ratio,EtriActivity3D,3D-LIME-NEW,3D-LIME,30,0.18607218830535807,0.09681551572019881,0.19138949364423746,0.1381459906697273,0.23079686984419817,0.09265087917447087,higher
bbox_energy_ratio,EtriActivity3D,3D-RISE-NEW,3D-RISE,30,0.13676704696069159,0.07567809508573461,0.13552451133728027,0.09124599583446977,0.16819834336638445,0.07695234753191468,higher
bbox_energy_ratio,EtriActivity3D,3D-Sampled-Occl-Sens-NEW,3D-Sampled-Occl-Sens,30,0.08416223369832394,0.07513418426844103,0.07710671797394744,0.016373015474528,0.13283218443393707,0.11645916895940907,higher
bbox_energy_ratio,EtriActivity3D,AOSA,AOSA,30,0.25080014467239375,0.20625505944916372,0.1985932290554046,0.10412350483238694,0.3337318003177643,0.22960829548537734,higher
bbox_energy_ratio,EtriActivity3D,GradCAM,GradCAM,30,0.34560958244837814,0.24900718233726346,0.29799607396125793,0.12425566650927065,0.5053481459617615,0.3810924794524908,higher
bbox_energy_ratio,EtriActivity3D,LV-LOCO-NEW,LV-LOCO,30,0.2821622913703322,0.27248824216675993,0.1933274939656257,0.12852895259857175,0.2992575466632843,0.17072859406471255,higher
bbox_energy_ratio,EtriActivity3D,LV-Univ-Pred-NEW,LV-Univ-Pred,30,0.12107943957671519,0.08961972738705865,0.12470956146717065,0.044619022868573596,0.17990706115961072,0.13528803829103714,higher
bbox_energy_ratio,EtriActivity3D,SaliencyTubes,SaliencyTubes,30,0.33369771807144083,0.2212444737637874,0.27646979689598083,0.14934210106730456,0.49523162841796875,0.3458895273506642,higher
bbox_energy_ratio,Kinetics400,3D-Kernel-SHAP-NEW,3D-Kernel-SHAP,30,0.3451502036380891,0.26671580435447284,0.2857493609189987,0.09360406361520285,0.586853951215744,0.49324988760054117,higher
bbox_energy_ratio,Kinetics400,3D-LIME-NEW,3D-LIME,30,0.3551038436436405,0.2660275774043771,0.3134741187095642,0.09941103868186468,0.5987044274806976,0.49929338879883295,higher
bbox_energy_ratio,Kinetics400,3D-RISE-NEW,3D-RISE,30,0.2942954357713461,0.2134919836920481,0.278952494263649,0.16537164896726606,0.46199866384267807,0.296627014875412,higher
bbox_energy_ratio,Kinetics400,3D-Sampled-Occl-Sens-NEW,3D-Sampled-Occl-Sens,30,0.26479367576539514,0.2137567130318293,0.20245001465082163,0.09369625151157375,0.4446196183562278,0.3509233668446541,higher
bbox_energy_ratio,Kinetics400,AOSA,AOSA,30,0.3933437474324213,0.3045753536752285,0.3907049149274826,0.13132279552519316,0.6586863696575165,0.5273635741323233,higher
bbox_energy_ratio,Kinetics400,GradCAM,GradCAM,30,0.3660974481841549,0.28190650345810164,0.3442230671644211,0.09493979811668393,0.5663318037986755,0.4713920056819916,higher
bbox_energy_ratio,Kinetics400,LV-LOCO-NEW,LV-LOCO,30,0.33779345743047695,0.26508026615697616,0.28084202110767365,0.08994835242629048,0.5746780335903168,0.48472968116402626,higher
bbox_energy_ratio,Kinetics400,LV-Univ-Pred-NEW,LV-Univ-Pred,30,0.317142750689527,0.2623404834596011,0.21494169533252716,0.08982930704951281,0.5740413069725037,0.48421199992299085,higher
bbox_energy_ratio,Kinetics400,SaliencyTubes,SaliencyTubes,30,0.35899373608020446,0.2750760834437607,0.3456268161535263,0.09766896814107891,0.5752498060464859,0.477580837905407,higher
bbox_energy_ratio,Overall,3D-Kernel-SHAP-NEW,3D-Kernel-SHAP,60,0.2927642759905817,0.23576579836381487,0.21104238182306284,0.11338184960186476,0.4680258706212044,0.3546440210193396,higher
bbox_energy_ratio,Overall,3D-LIME-NEW,3D-LIME,60,0.2705880159744992,0.2160017683655833,0.21051446348428726,0.11797438003122802,0.3687189742922783,0.2507445942610503,higher
bbox_energy_ratio,Overall,3D-RISE-NEW,3D-RISE,60,0.2155312413660188,0.17755886745679186,0.16738481074571604,0.11109927669167514,0.28424497693777084,0.1731457002460957,higher
bbox_energy_ratio,Overall,3D-Sampled-Occl-Sens-NEW,3D-Sampled-Occl-Sens,60,0.17447795473185954,0.18310833277155192,0.1093687526881694,0.03567857202142475,0.22670704871416092,0.19102847669273618,higher
bbox_energy_ratio,Overall,AOSA,AOSA,60,0.3220719460524075,0.26771765272154896,0.23757569491863245,0.10508692823350425,0.519380658864975,0.41429373063147074,higher
bbox_energy_ratio,Overall,GradCAM,GradCAM,60,0.3558535153162666,0.26390470938547433,0.3029851019382477,0.11403663456439965,0.5631014704704285,0.4490648359060288,higher
bbox_energy_ratio,Overall,LV-LOCO-NEW,LV-LOCO,60,0.3099778744004046,0.2679940139314623,0.21960917115211487,0.12215088866651055,0.45265254378318787,0.3305016551166773,higher
bbox_energy_ratio,Overall,LV-Univ-Pred-NEW,LV-Univ-Pred,60,0.2191110951331211,0.21805709284386188,0.1548638120293617,0.0483818324282765,0.255007728934288,0.20662589650601154,higher
bbox_energy_ratio,Overall,SaliencyTubes,SaliencyTubes,60,0.3463457270758227,0.24781969336206275,0.3117772489786148,0.1389174424111843,0.5379494428634644,0.39903200045228004,higher
deletion_auc,EtriActivity3D,3D-Kernel-SHAP-NEW,3D-Kernel-SHAP,30,0.14480076813702933,0.13660264569683428,0.08995417573220829,0.041696681571193175,0.22115109197509059,0.17945441040389742,lower
deletion_auc,EtriActivity3D,3D-LIME-NEW,3D-LIME,30,0.1200056066895829,0.1147232119847288,0.0760293896391125,0.04100377499817025,0.1522391720496299,0.11123539705145964,lower
deletion_auc,EtriActivity3D,3D-RISE-NEW,3D-RISE,30,0.13098242155770637,0.14697011007173014,0.09893393560731994,0.03480555645605965,0.12834854976492077,0.09354299330886112,lower
deletion_auc,EtriActivity3D,3D-Sampled-Occl-Sens-NEW,3D-Sampled-Occl-Sens,30,0.3073399393041073,0.2074536374501622,0.31645315470252,0.10411917910342815,0.45560856628526225,0.3514893871818341,lower
deletion_auc,EtriActivity3D,AOSA,AOSA,30,0.3336911655397761,0.2866249769296112,0.2515259110164248,0.09471426179896254,0.5248854132158731,0.4301711514169106,lower
deletion_auc,EtriActivity3D,GradCAM,GradCAM,30,0.25246675984435946,0.24849944519766154,0.12619400350814136,0.05696419800610868,0.47768546003264,0.4207212620265313,lower
deletion_auc,EtriActivity3D,LV-LOCO-NEW,LV-LOCO,30,0.2388225781738684,0.21154487000823063,0.15778802799249475,0.08475140840976238,0.34283972909577776,0.2580883206860154,lower
deletion_auc,EtriActivity3D,LV-Univ-Pred-NEW,LV-Univ-Pred,30,0.4097069683054266,0.253356889216932,0.4391622746546785,0.13110603149804592,0.6509137663582684,0.5198077348602225,lower
deletion_auc,EtriActivity3D,SaliencyTubes,SaliencyTubes,30,0.09597186078753851,0.1213902041556521,0.05162618212540045,0.024466116823564275,0.14525960317424025,0.12079348635067597,lower
deletion_auc,Kinetics400,3D-Kernel-SHAP-NEW,3D-Kernel-SHAP,30,0.1995610901574923,0.1307978758592523,0.15940242022754814,0.11348722945955447,0.2565127845338424,0.14302555507428794,lower
deletion_auc,Kinetics400,3D-LIME-NEW,3D-LIME,30,0.15061442880405881,0.10879035319479934,0.12288566738575404,0.0666191973291312,0.19683665388315702,0.13021745655402583,lower
deletion_auc,Kinetics400,3D-RISE-NEW,3D-RISE,30,0.20297485328268353,0.15092475619664755,0.1759991280226644,0.08255078732957545,0.2526089329010164,0.17005814557144094,lower
deletion_auc,Kinetics400,3D-Sampled-Occl-Sens-NEW,3D-Sampled-Occl-Sens,30,0.3024563511681752,0.2166662607432104,0.24076107373443306,0.15707464885387082,0.3827561128716148,0.225681464017744,lower
deletion_auc,Kinetics400,AOSA,AOSA,30,0.24455667446491391,0.1535165285774786,0.24314247800428895,0.11891262071921724,0.33671534064966,0.21780271993044278,lower
deletion_auc,Kinetics400,GradCAM,GradCAM,30,0.24746221893292797,0.2116394825173608,0.1658102599595323,0.0888724763269117,0.38232300739389785,0.29345053106698615,lower
deletion_auc,Kinetics400,LV-LOCO-NEW,LV-LOCO,30,0.27099387480673554,0.16892764073259073,0.22414304901507076,0.16743915700232703,0.3907918815946992,0.22335272459237215,lower
deletion_auc,Kinetics400,LV-Univ-Pred-NEW,LV-Univ-Pred,30,0.3956618486000684,0.20592507094492102,0.41409328963794334,0.2039466622670704,0.5608862110839004,0.35693954881683,lower
deletion_auc,Kinetics400,SaliencyTubes,SaliencyTubes,30,0.25796354767825785,0.2177454328645047,0.1716943757376459,0.1085695643351956,0.39590557788373026,0.28733601354853466,lower
deletion_auc,Overall,3D-Kernel-SHAP-NEW,3D-Kernel-SHAP,60,0.17218092914726082,0.13543796128693525,0.1381106350406618,0.06794944112177673,0.24408263450511497,0.17613319338333824,lower
deletion_auc,Overall,3D-LIME-NEW,3D-LIME,60,0.13531001774682086,0.11191396764149686,0.0934636177452317,0.0529512732334421,0.17672832497686963,0.12377705174342754,lower
deletion_auc,Overall,3D-RISE-NEW,3D-RISE,60,0.16697863742019498,0.15208828929627824,0.1137958826759798,0.05643050365075272,0.22185004056101013,0.1654195369102574,lower
deletion_auc,Overall,3D-Sampled-Occl-Sens-NEW,3D-Sampled-Occl-Sens,60,0.3048981452361413,0.21031916296602035,0.277725814237443,0.1422454038903202,0.43907450657366703,0.29682910268334683,lower
deletion_auc,Overall,AOSA,AOSA,60,0.28912392000234494,0.23234578333328237,0.24314247800428895,0.09564616167565365,0.4123865018128027,0.316740340137149,lower
deletion_auc,Overall,GradCAM,GradCAM,60,0.2499644893886437,0.2288560268806091,0.1357669463474018,0.07177413311501332,0.42387338873286956,0.35209925561785627,lower
deletion_auc,Overall,LV-LOCO-NEW,LV-LOCO,60,0.254908226490302,0.19048868910696348,0.20284489564253133,0.1048140969601304,0.35825808120237884,0.25344398424224845,lower
deletion_auc,Overall,LV-Univ-Pred-NEW,LV-Univ-Pred,60,0.4026844084527475,0.22900705256611942,0.41562114794566496,0.15215102545024062,0.5796912176090335,0.4275401921587929,lower
deletion_auc,Overall,SaliencyTubes,SaliencyTubes,60,0.17696770423289818,0.19292268584372563,0.1087267578174885,0.04077114405200598,0.21094447246959752,0.17017332841759153,lower
insertion_auc,EtriActivity3D,3D-Kernel-SHAP-NEW,3D-Kernel-SHAP,30,0.882025809524968,0.13061223689714532,0.9502349141408117,0.8068435345881567,0.9735919766012742,0.16674844201311745,higher
insertion_auc,EtriActivity3D,3D-LIME-NEW,3D-LIME,30,0.9012353169211849,0.1385121476338114,0.951827639550909,0.889350389941205,0.9708772767420767,0.08152688680087172,higher
insertion_auc,EtriActivity3D,3D-RISE-NEW,3D-RISE,30,0.8007787592633498,0.21077921677152472,0.8814706255880254,0.7875914367792347,0.9343863723406738,0.14679493556143908,higher
insertion_auc,EtriActivity3D,3D-Sampled-Occl-Sens-NEW,3D-Sampled-Occl-Sens,30,0.6536646603828615,0.24837931655438186,0.6584723888358963,0.5285740672698297,0.8739741354725062,0.34540006820267655,higher
insertion_auc,EtriActivity3D,AOSA,AOSA,30,0.6790195798065853,0.29484203324414765,0.7825023046348332,0.528614853149443,0.933084631790398,0.404469778640955,higher
insertion_auc,EtriActivity3D,GradCAM,GradCAM,30,0.6253375328579069,0.2069939023322859,0.6443272882693469,0.4533569269233665,0.7717520282308621,0.3183951013074956,higher
insertion_auc,EtriActivity3D,LV-LOCO-NEW,LV-LOCO,30,0.797191319217723,0.1775007145650963,0.8683112444091935,0.6997717332739406,0.9397623847510692,0.2399906514771286,higher
insertion_auc,EtriActivity3D,LV-Univ-Pred-NEW,LV-Univ-Pred,30,0.5838700735928725,0.2666104624160377,0.5346883076966098,0.35015271569228373,0.8324277428890833,0.48227502719679954,higher
insertion_auc,EtriActivity3D,SaliencyTubes,SaliencyTubes,30,0.7250558545441158,0.19045438428315564,0.7592189348408964,0.6659376626119567,0.8838459270776251,0.21790826446566836,higher
insertion_auc,Kinetics400,3D-Kernel-SHAP-NEW,3D-Kernel-SHAP,30,0.5383306641755394,0.22175651194132448,0.570343941933465,0.38433108839863894,0.6912622040280687,0.30693111562942976,higher
insertion_auc,Kinetics400,3D-LIME-NEW,3D-LIME,30,0.629100407984067,0.20556786242739408,0.6426390447132195,0.49383997285351366,0.7943437202530953,0.30050374739958163,higher
insertion_auc,Kinetics400,3D-RISE-NEW,3D-RISE,30,0.6394432728426438,0.20687192619357642,0.6479284607843344,0.5715158468686241,0.7953207850842205,0.22380493821559644,higher
insertion_auc,Kinetics400,3D-Sampled-Occl-Sens-NEW,3D-Sampled-Occl-Sens,30,0.5187359651683897,0.17452986259793773,0.5519987517164312,0.3894437054958501,0.6163323174367542,0.2268886119409041,higher
insertion_auc,Kinetics400,AOSA,AOSA,30,0.5707656615778284,0.2489061675931882,0.6260455620289546,0.37482203288164695,0.7796591497270251,0.40483711684537815,higher
insertion_auc,Kinetics400,GradCAM,GradCAM,30,0.6028393268095278,0.22141552770990652,0.6521842089899738,0.45194420369603105,0.7812813469332083,0.3293371432371772,higher
insertion_auc,Kinetics400,LV-LOCO-NEW,LV-LOCO,30,0.48644240145418594,0.2102716559801283,0.4682387091177908,0.32279160175109234,0.6722788830519433,0.34948728130085094,higher
insertion_auc,Kinetics400,LV-Univ-Pred-NEW,LV-Univ-Pred,30,0.3859197775434657,0.20733795356118265,0.3462445704098138,0.2647143988710522,0.43971695229783175,0.17500255342677956,higher
insertion_auc,Kinetics400,SaliencyTubes,SaliencyTubes,30,0.6072330357593446,0.2232330397459353,0.6661859285071254,0.47707430983936117,0.7871390420693013,0.31006473222994013,higher
insertion_auc,Overall,3D-Kernel-SHAP-NEW,3D-Kernel-SHAP,60,0.7101782368502537,0.2501770558619546,0.7616088868561488,0.5521859507167647,0.9487271690322948,0.39654121831553013,higher
insertion_auc,Overall,3D-LIME-NEW,3D-LIME,60,0.765167862452626,0.22142566576010617,0.8248963150922253,0.6379238628361459,0.9506716279519309,0.31274776511578506,higher
insertion_auc,Overall,3D-RISE-NEW,3D-RISE,60,0.7201110160529968,0.2224642183266276,0.7893361764661848,0.6113829336517302,0.9005774284680687,0.2891944948163384,higher
insertion_auc,Overall,3D-Sampled-Occl-Sens-NEW,3D-Sampled-Occl-Sens,60,0.5862003127756257,0.2234370221424034,0.5986371205901958,0.4454462204313421,0.7493732806861665,0.3039270602548244,higher
insertion_auc,Overall,AOSA,AOSA,60,0.6248926206922067,0.27597226286407733,0.7066991025699931,0.40171364680942634,0.8282663008493992,0.4265526540399729,higher
insertion_auc,Overall,GradCAM,GradCAM,60,0.6140884298337174,0.21280454042209385,0.6443272882693469,0.4411066803094777,0.7806972622615075,0.3395905819520298,higher
insertion_auc,Overall,LV-LOCO-NEW,LV-LOCO,60,0.6418168603359544,0.24853376351404147,0.6958964275049591,0.464582650638624,0.8549683591251586,0.3903857084865346,higher
insertion_auc,Overall,LV-Univ-Pred-NEW,LV-Univ-Pred,60,0.48489492556816904,0.2569640085472982,0.39920388892384584,0.28453112627970306,0.719074069715693,0.4345429434359899,higher
insertion_auc,Overall,SaliencyTubes,SaliencyTubes,60,0.6661444451517302,0.21413219672077974,0.6819534872885298,0.5399805769889414,0.832057347522716,0.29207677053377457,higher
iou50,EtriActivity3D,3D-Kernel-SHAP-NEW,3D-Kernel-SHAP,30,0.2,0.40683810217248617,0.0,0.0,0.0,0.0,higher
iou50,EtriActivity3D,3D-LIME-NEW,3D-LIME,30,0.16666666666666666,0.3790490217894517,0.0,0.0,0.0,0.0,higher
iou50,EtriActivity3D,3D-RISE-NEW,3D-RISE,30,0.03333333333333333,0.18257418583505536,0.0,0.0,0.0,0.0,higher
iou50,EtriActivity3D,3D-Sampled-Occl-Sens-NEW,3D-Sampled-Occl-Sens,30,0.0,0.0,0.0,0.0,0.0,0.0,higher
iou50,EtriActivity3D,AOSA,AOSA,30,0.03333333333333333,0.18257418583505536,0.0,0.0,0.0,0.0,higher
iou50,EtriActivity3D,GradCAM,GradCAM,30,0.03333333333333333,0.18257418583505536,0.0,0.0,0.0,0.0,higher
iou50,EtriActivity3D,LV-LOCO-NEW,LV-LOCO,30,0.23333333333333334,0.4301830671520763,0.0,0.0,0.0,0.0,higher
iou50,EtriActivity3D,LV-Univ-Pred-NEW,LV-Univ-Pred,30,0.13333333333333333,0.3457459036417604,0.0,0.0,0.0,0.0,higher
iou50,EtriActivity3D,SaliencyTubes,SaliencyTubes,30,0.03333333333333333,0.18257418583505536,0.0,0.0,0.0,0.0,higher
iou50,Kinetics400,3D-Kernel-SHAP-NEW,3D-Kernel-SHAP,30,0.3,0.46609159969939906,0.0,0.0,1.0,1.0,higher
iou50,Kinetics400,3D-LIME-NEW,3D-LIME,30,0.3,0.46609159969939906,0.0,0.0,1.0,1.0,higher
iou50,Kinetics400,3D-RISE-NEW,3D-RISE,30,0.3,0.46609159969939906,0.0,0.0,1.0,1.0,higher
iou50,Kinetics400,3D-Sampled-Occl-Sens-NEW,3D-Sampled-Occl-Sens,30,0.3,0.46609159969939906,0.0,0.0,1.0,1.0,higher
iou50,Kinetics400,AOSA,AOSA,30,0.3,0.46609159969939906,0.0,0.0,1.0,1.0,higher
iou50,Kinetics400,GradCAM,GradCAM,30,0.26666666666666666,0.44977644510880355,0.0,0.0,0.75,0.75,higher
iou50,Kinetics400,LV-LOCO-NEW,LV-LOCO,30,0.3,0.46609159969939906,0.0,0.0,1.0,1.0,higher
iou50,Kinetics400,LV-Univ-Pred-NEW,LV-Univ-Pred,30,0.3333333333333333,0.47946330148538413,0.0,0.0,1.0,1.0,higher
iou50,Kinetics400,SaliencyTubes,SaliencyTubes,30,0.3,0.46609159969939906,0.0,0.0,1.0,1.0,higher
iou50,Overall,3D-Kernel-SHAP-NEW,3D-Kernel-SHAP,60,0.25,0.4366668823046865,0.0,0.0,0.25,0.25,higher
iou50,Overall,3D-LIME-NEW,3D-LIME,60,0.23333333333333334,0.4265218680850986,0.0,0.0,0.0,0.0,higher
iou50,Overall,3D-RISE-NEW,3D-RISE,60,0.16666666666666666,0.37582301400141443,0.0,0.0,0.0,0.0,higher
iou50,Overall,3D-Sampled-Occl-Sens-NEW,3D-Sampled-Occl-Sens,60,0.15,0.36008473579027556,0.0,0.0,0.0,0.0,higher
iou50,Overall,AOSA,AOSA,60,0.16666666666666666,0.37582301400141443,0.0,0.0,0.0,0.0,higher
iou50,Overall,GradCAM,GradCAM,60,0.15,0.36008473579027556,0.0,0.0,0.0,0.0,higher
iou50,Overall,LV-LOCO-NEW,LV-LOCO,60,0.26666666666666666,0.44594849085648347,0.0,0.0,1.0,1.0,higher
iou50,Overall,LV-Univ-Pred-NEW,LV-Univ-Pred,60,0.23333333333333334,0.4265218680850986,0.0,0.0,0.0,0.0,higher
iou50,Overall,SaliencyTubes,SaliencyTubes,60,0.16666666666666666,0.37582301400141443,0.0,0.0,0.0,0.0,higher
iou_value,EtriActivity3D,3D-Kernel-SHAP-NEW,3D-Kernel-SHAP,30,0.2743894571179064,0.19152958185103897,0.2375583869694739,0.08197541003379732,0.402518623880759,0.32054321384696166,higher
iou_value,EtriActivity3D,3D-LIME-NEW,3D-LIME,30,0.30564251876596066,0.2122353250616225,0.28478645788237145,0.13661381887086815,0.4263531373757568,0.28973931850488865,higher
iou_value,EtriActivity3D,3D-RISE-NEW,3D-RISE,30,0.2308576850444643,0.12692617382559943,0.22786002371061184,0.13399516322852942,0.3253664238493497,0.1913712606208203,higher
iou_value,EtriActivity3D,3D-Sampled-Occl-Sens-NEW,3D-Sampled-Occl-Sens,30,0.12358530024308217,0.07525175984730773,0.1196588059334118,0.06735356593617838,0.16529046520569007,0.0979368992695117,higher
iou_value,EtriActivity3D,AOSA,AOSA,30,0.20052171129886567,0.15132339406598327,0.15339672809587154,0.08200767114367515,0.31537218225660607,0.23336451111293094,higher
iou_value,EtriActivity3D,GradCAM,GradCAM,30,0.23472746070760916,0.13461600535454446,0.26567557557600985,0.10624582805360028,0.3406892253944441,0.2344433973408438,higher
iou_value,EtriActivity3D,LV-LOCO-NEW,LV-LOCO,30,0.3173048842383224,0.20226605808916492,0.2922285925446775,0.13846132409106984,0.47312891232390125,0.3346675882328314,higher
iou_value,EtriActivity3D,LV-Univ-Pred-NEW,LV-Univ-Pred,30,0.25404439934650547,0.2162419841648993,0.23198113435179069,0.05525704723162055,0.36438300910909005,0.3091259618774695,higher
iou_value,EtriActivity3D,SaliencyTubes,SaliencyTubes,30,0.2645594008545645,0.12398034137048135,0.27400341107333726,0.1789050487081874,0.3470941000319454,0.168189051323758,higher
iou_value,Kinetics400,3D-Kernel-SHAP-NEW,3D-Kernel-SHAP,30,0.3300201309577745,0.2561018403680717,0.261469185225275,0.09276071145279775,0.5653202698922224,0.47255955843942465,higher
iou_value,Kinetics400,3D-LIME-NEW,3D-LIME,30,0.3288685176813952,0.26587340577707547,0.21941242955606244,0.09194118094221662,0.5884296314023404,0.4964884504601238,higher
iou_value,Kinetics400,3D-RISE-NEW,3D-RISE,30,0.3315837975336994,0.2692150751356137,0.21941242955606244,0.09215446266090452,0.5884296314023404,0.49627516874143585,higher
iou_value,Kinetics400,3D-Sampled-Occl-Sens-NEW,3D-Sampled-Occl-Sens,30,0.33045922370574216,0.263537833183738,0.21794289937866354,0.12670146113611194,0.5884296314023404,0.4617281702662285,higher
iou_value,Kinetics400,AOSA,AOSA,30,0.32867588420680455,0.26530452508901387,0.21941242955606244,0.09194118094221662,0.5884296314023404,0.4964884504601238,higher
iou_value,Kinetics400,GradCAM,GradCAM,30,0.329571113145371,0.2422887718174346,0.29726165256922066,0.09839634694806296,0.5271532278497019,0.4287568809016389,higher
iou_value,Kinetics400,LV-LOCO-NEW,LV-LOCO,30,0.33598631211848823,0.26646791084738264,0.2610652523076959,0.09041370709754412,0.580975534935516,0.49056182783797186,higher
iou_value,Kinetics400,LV-Univ-Pred-NEW,LV-Univ-Pred,30,0.31912864762285953,0.2627920383310598,0.2163238813804494,0.09252741547201047,0.5521707642374348,0.45964334876542434,higher
iou_value,Kinetics400,SaliencyTubes,SaliencyTubes,30,0.3348603473529964,0.24522282625132236,0.2978934872302167,0.11350562486600457,0.5532188948569646,0.43971326999096005,higher
iou_value,Overall,3D-Kernel-SHAP-NEW,3D-Kernel-SHAP,60,0.30220479403784045,0.2259556670794049,0.2391839769905302,0.07491564098366153,0.4703881801615869,0.39547253917792535,higher
iou_value,Overall,3D-LIME-NEW,3D-LIME,60,0.3172555182236779,0.2387940832453486,0.2472690930328223,0.11982159921852002,0.45580712410664376,0.3359855248881237,higher
iou_value,Overall,3D-RISE-NEW,3D-RISE,60,0.2812207412890818,0.2147607870751857,0.21941242955606244,0.12041463812302387,0.39587465094099605,0.27546001281797217,higher
iou_value,Overall,3D-Sampled-Occl-Sens-NEW,3D-Sampled-Occl-Sens,60,0.22702226197441217,0.21863551406556497,0.16227335640138404,0.07665911989047308,0.26313739907727796,0.18647827918680487,higher
iou_value,Overall,AOSA,AOSA,60,0.2645987977528351,0.22366837356320265,0.20591899100321004,0.07668705476514914,0.38538789821720415,0.308700843452055,higher
iou_value,Overall,GradCAM,GradCAM,60,0.2821492869264901,0.20012131886797804,0.2722999883656695,0.10007817921364517,0.3877439586539285,0.2876657794402834,higher
iou_value,Overall,LV-LOCO-NEW,LV-LOCO,60,0.3266455981784053,0.2347309820977281,0.28531231133250134,0.12401997818552674,0.5196094865778427,0.39558950839231594,higher
iou_value,Overall,LV-Univ-Pred-NEW,LV-Univ-Pred,60,0.28658652348468255,0.24084338652907034,0.2163238813804494,0.06613993722136505,0.4487446585048813,0.3826047212835163,higher
iou_value,Overall,SaliencyTubes,SaliencyTubes,60,0.29970987410378047,0.1958808342969994,0.28034950755731003,0.16269962730286647,0.3985209266920267,0.23582129938916024,higher
pointing_game,EtriActivity3D,3D-Kernel-SHAP-NEW,3D-Kernel-SHAP,30,0.7,0.466091599699399,1.0,0.0,1.0,1.0,higher
pointing_game,EtriActivity3D,3D-LIME-NEW,3D-LIME,30,0.8,0.4068381021724862,1.0,1.0,1.0,0.0,higher
pointing_game,EtriActivity3D,3D-RISE-NEW,3D-RISE,30,0.7,0.466091599699399,1.0,0.0,1.0,1.0,higher
pointing_game,EtriActivity3D,3D-Sampled-Occl-Sens-NEW,3D-Sampled-Occl-Sens,30,0.6333333333333333,0.490132517853561,1.0,0.0,1.0,1.0,higher
pointing_game,EtriActivity3D,AOSA,AOSA,30,0.43333333333333335,0.5040069329937309,0.0,0.0,1.0,1.0,higher
pointing_game,EtriActivity3D,GradCAM,GradCAM,30,0.4,0.4982728791224398,0.0,0.0,1.0,1.0,higher
pointing_game,EtriActivity3D,LV-LOCO-NEW,LV-LOCO,30,0.6,0.4982728791224398,1.0,0.0,1.0,1.0,higher
pointing_game,EtriActivity3D,LV-Univ-Pred-NEW,LV-Univ-Pred,30,0.4666666666666667,0.5074162634049248,0.0,0.0,1.0,1.0,higher
pointing_game,EtriActivity3D,SaliencyTubes,SaliencyTubes,30,0.4666666666666667,0.5074162634049248,0.0,0.0,1.0,1.0,higher
pointing_game,Kinetics400,3D-Kernel-SHAP-NEW,3D-Kernel-SHAP,30,0.5,0.5085476277156078,0.5,0.0,1.0,1.0,higher
pointing_game,Kinetics400,3D-LIME-NEW,3D-LIME,30,0.5666666666666667,0.5040069329937309,1.0,0.0,1.0,1.0,higher
pointing_game,Kinetics400,3D-RISE-NEW,3D-RISE,30,0.4666666666666667,0.5074162634049248,0.0,0.0,1.0,1.0,higher
pointing_game,Kinetics400,3D-Sampled-Occl-Sens-NEW,3D-Sampled-Occl-Sens,30,0.3333333333333333,0.47946330148538413,0.0,0.0,1.0,1.0,higher
pointing_game,Kinetics400,AOSA,AOSA,30,0.5,0.5085476277156078,0.5,0.0,1.0,1.0,higher
pointing_game,Kinetics400,GradCAM,GradCAM,30,0.2,0.4068381021724863,0.0,0.0,0.0,0.0,higher
pointing_game,Kinetics400,LV-LOCO-NEW,LV-LOCO,30,0.5,0.5085476277156078,0.5,0.0,1.0,1.0,higher
pointing_game,Kinetics400,LV-Univ-Pred-NEW,LV-Univ-Pred,30,0.36666666666666664,0.490132517853561,0.0,0.0,1.0,1.0,higher
pointing_game,Kinetics400,SaliencyTubes,SaliencyTubes,30,0.4666666666666667,0.5074162634049248,0.0,0.0,1.0,1.0,higher
pointing_game,Overall,3D-Kernel-SHAP-NEW,3D-Kernel-SHAP,60,0.6,0.49403218175557095,1.0,0.0,1.0,1.0,higher
pointing_game,Overall,3D-LIME-NEW,3D-LIME,60,0.6833333333333333,0.4691017983072984,1.0,0.0,1.0,1.0,higher
pointing_game,Overall,3D-RISE-NEW,3D-RISE,60,0.5833333333333334,0.4971671160112441,1.0,0.0,1.0,1.0,higher
pointing_game,Overall,3D-Sampled-Occl-Sens-NEW,3D-Sampled-Occl-Sens,60,0.48333333333333334,0.503939284299098,0.0,0.0,1.0,1.0,higher
pointing_game,Overall,AOSA,AOSA,60,0.4666666666666667,0.5030977485864635,0.0,0.0,1.0,1.0,higher
pointing_game,Overall,GradCAM,GradCAM,60,0.3,0.4621247905424446,0.0,0.0,1.0,1.0,higher
pointing_game,Overall,LV-LOCO-NEW,LV-LOCO,60,0.55,0.501692052213544,1.0,0.0,1.0,1.0,higher
pointing_game,Overall,LV-Univ-Pred-NEW,LV-Univ-Pred,60,0.4166666666666667,0.4971671160112441,0.0,0.0,1.0,1.0,higher
pointing_game,Overall,SaliencyTubes,SaliencyTubes,60,0.4666666666666667,0.5030977485864634,0.0,0.0,1.0,1.0,higher
runtime_seconds,EtriActivity3D,3D-Kernel-SHAP-NEW,3D-Kernel-SHAP,30,449.1502165476481,2.004687935442354,449.4127378463745,448.0481473207474,450.70606774091726,2.657920420169887,lower
runtime_seconds,EtriActivity3D,3D-LIME-NEW,3D-LIME,30,442.5504455169042,2.0481240149089626,443.0754688978195,441.67817586660385,443.957801103592,2.2796252369881245,lower
runtime_seconds,EtriActivity3D,3D-RISE-NEW,3D-RISE,30,440.13420581817627,2.354167989851462,440.5817264318466,438.88762569427496,441.61716067790985,2.729534983634892,lower
runtime_seconds,EtriActivity3D,3D-Sampled-Occl-Sens-NEW,3D-Sampled-Occl-Sens,30,473.745352935791,1.948968513285378,474.38277220726013,472.69399666786194,475.05311715602875,2.359120488166809,lower
runtime_seconds,EtriActivity3D,AOSA,AOSA,30,75.27436759471894,0.8888751669289506,75.14227628707886,74.74549150466919,75.88335466384888,1.1378631591796875,lower
runtime_seconds,EtriActivity3D,GradCAM,GradCAM,30,1.8045071840286255,0.5978363472692302,1.8392757177352905,1.4121748208999634,2.331777811050415,0.9196029901504517,lower
runtime_seconds,EtriActivity3D,LV-LOCO-NEW,LV-LOCO,30,97.18263201713562,7.06793891042415,98.62417578697205,96.91469168663026,100.73787391185759,3.8231822252273275,lower
runtime_seconds,EtriActivity3D,LV-Univ-Pred-NEW,LV-Univ-Pred,30,96.88619972864787,7.06248938001045,98.48113894462585,96.69045925140382,100.16719400882721,3.4767347574233867,lower
runtime_seconds,EtriActivity3D,SaliencyTubes,SaliencyTubes,30,1.8045071840286255,0.5978363472692302,1.8392757177352905,1.4121748208999634,2.331777811050415,0.9196029901504517,lower
runtime_seconds,Kinetics400,3D-Kernel-SHAP-NEW,3D-Kernel-SHAP,30,469.9724387963613,4.026691118451857,470.0678961277008,468.0595586299896,473.0284185409546,4.968859910964966,lower
runtime_seconds,Kinetics400,3D-LIME-NEW,3D-LIME,30,443.45161691506706,1.3216211562063607,443.4858988523483,442.2952572107315,444.58580470085144,2.290547490119934,lower
runtime_seconds,Kinetics400,3D-RISE-NEW,3D-RISE,30,440.94725884596505,1.5327690839972326,441.1508022546768,440.20142287015915,442.1814545989037,1.9800317287445637,lower
runtime_seconds,Kinetics400,3D-Sampled-Occl-Sens-NEW,3D-Sampled-Occl-Sens,30,474.8333231131236,1.258888411042579,475.1879338026047,474.0587895512581,475.56349778175354,1.5047082304954529,lower
runtime_seconds,Kinetics400,AOSA,AOSA,30,75.18966939449311,2.7961596445021923,75.83542156219482,75.6249725818634,76.2311264872551,0.6061539053916931,lower
runtime_seconds,Kinetics400,GradCAM,GradCAM,30,2.1778955539067586,0.31193947967762864,2.1774399280548096,2.0209516882896423,2.374086380004883,0.3531346917152405,lower
runtime_seconds,Kinetics400,LV-LOCO-NEW,LV-LOCO,30,87.39453608194987,9.380146572226858,87.15740549564362,83.38002324104309,94.15073263645172,10.77070939540863,lower
runtime_seconds,Kinetics400,LV-Univ-Pred-NEW,LV-Univ-Pred,30,87.14995005130768,9.389038069736584,87.38379490375519,83.29135364294052,93.87616729736327,10.584813654422746,lower
runtime_seconds,Kinetics400,SaliencyTubes,SaliencyTubes,30,2.1778955539067586,0.31193947967762864,2.1774399280548096,2.0209516882896423,2.374086380004883,0.3531346917152405,lower
runtime_seconds,Overall,3D-Kernel-SHAP-NEW,3D-Kernel-SHAP,60,459.5613276720047,10.96236360137629,454.68197321891785,449.4156962633133,470.0267640352249,20.61106777191162,lower
runtime_seconds,Overall,3D-LIME-NEW,3D-LIME,60,443.0010312159856,1.7682941492661064,443.3064591884613,442.1086186170578,444.21130579710007,2.102687180042267,lower
runtime_seconds,Overall,3D-RISE-NEW,3D-RISE,60,440.54073233207066,2.011698751243896,440.8948278427124,439.42525696754456,442.03013300895697,2.6048760414124104,lower
runtime_seconds,Overall,3D-Sampled-Occl-Sens-NEW,3D-Sampled-Occl-Sens,60,474.2893380244573,1.7166693077658801,474.8412551879883,473.836208820343,475.41449707746506,1.5782882571220398,lower
runtime_seconds,Overall,AOSA,AOSA,60,75.23201849460602,2.0574677275911437,75.69133567810059,75.05000668764114,76.06630140542984,1.0162947177886963,lower
runtime_seconds,Overall,GradCAM,GradCAM,60,1.991201368967692,0.5088705455777452,2.100161910057068,1.731453359127045,2.3731812834739685,0.6417279243469236,lower
runtime_seconds,Overall,LV-LOCO-NEW,LV-LOCO,60,92.28858404954275,9.600005936727037,96.55861496925354,86.04536294937134,98.90752005577087,12.862157106399536,lower
runtime_seconds,Overall,LV-Univ-Pred-NEW,LV-Univ-Pred,60,92.01807488997777,9.588896596272683,96.31901836395264,85.6080841422081,98.70840859413147,13.10032445192337,lower
runtime_seconds,Overall,SaliencyTubes,SaliencyTubes,60,1.991201368967692,0.5088705455777452,2.100161910057068,1.731453359127045,2.3731812834739685,0.6417279243469236,lower
sensitivity_n,EtriActivity3D,3D-Kernel-SHAP-NEW,3D-Kernel-SHAP,30,0.34942040031023824,0.2905007206536861,0.36608318232195985,0.1236645255033864,0.5623123318136413,0.43864780631025485,higher
sensitivity_n,EtriActivity3D,3D-LIME-NEW,3D-LIME,30,0.4144214384021263,0.2670998452787624,0.41919780976629095,0.2346761891506336,0.5822618341849741,0.34758564503434053,higher
sensitivity_n,EtriActivity3D,3D-RISE-NEW,3D-RISE,30,0.3127090856209858,0.30417906901073494,0.33417706184487495,0.10114867772268606,0.551200625143996,0.45005194742131,higher
sensitivity_n,EtriActivity3D,3D-Sampled-Occl-Sens-NEW,3D-Sampled-Occl-Sens,30,0.026773305413847582,0.1365154975009818,0.0166008691056223,-0.0717333280409123,0.09521058012880837,0.16694390816972066,higher
sensitivity_n,EtriActivity3D,AOSA,AOSA,30,0.08944252970175026,0.31026614167734207,0.14556903198987106,-0.12049167826545139,0.30265548662106456,0.42314716488651594,higher
sensitivity_n,EtriActivity3D,GradCAM,GradCAM,30,0.19298538971020046,0.2623340910432607,0.1686496094611437,-0.014427188115867025,0.44664468206364266,0.4610718701795097,higher
sensitivity_n,EtriActivity3D,LV-LOCO-NEW,LV-LOCO,30,0.5321206637433601,0.31055244720022834,0.516963261299715,0.39379489691184866,0.8113561993244589,0.41756130241261025,higher
sensitivity_n,EtriActivity3D,LV-Univ-Pred-NEW,LV-Univ-Pred,30,0.11728103895670058,0.21299698232639427,0.09874337046856466,-0.0747546303911441,0.2528511763332478,0.3276058067243919,higher
sensitivity_n,EtriActivity3D,SaliencyTubes,SaliencyTubes,30,0.21702622184601783,0.2351289381000623,0.175032832076114,0.06414454720618727,0.3996029810733615,0.3354584338671742,higher
sensitivity_n,Kinetics400,3D-Kernel-SHAP-NEW,3D-Kernel-SHAP,30,0.20856839947142666,0.2169296310156147,0.1667916767333579,0.05669172115398123,0.39899071177797,0.3422989906239888,higher
sensitivity_n,Kinetics400,3D-LIME-NEW,3D-LIME,30,0.3006539538403922,0.259023528322398,0.3138484228882997,0.08557079065715226,0.5070012080098809,0.4214304173527287,higher
sensitivity_n,Kinetics400,3D-RISE-NEW,3D-RISE,30,0.32778902842305835,0.2084023189784861,0.3744361786697441,0.226521069678639,0.4407432551385263,0.2142221854598873,higher
sensitivity_n,Kinetics400,3D-Sampled-Occl-Sens-NEW,3D-Sampled-Occl-Sens,30,0.07201400882406198,0.17703033131802118,0.04338629117392475,-0.05217070070337173,0.21463253710209684,0.26680323780546855,higher
sensitivity_n,Kinetics400,AOSA,AOSA,30,0.18166049080641467,0.22348360521398258,0.2098971131350657,0.09463785798687127,0.33331523401130714,0.23867737602443587,higher
sensitivity_n,Kinetics400,GradCAM,GradCAM,30,0.27463565732046785,0.25150492717345907,0.3417516043836041,0.19067784488604006,0.43327259657007655,0.2425947516840365,higher
sensitivity_n,Kinetics400,LV-LOCO-NEW,LV-LOCO,30,0.4003801188840388,0.2498293362233646,0.4102243328854626,0.20140878460977163,0.6082254224003639,0.4068166377905923,higher
sensitivity_n,Kinetics400,LV-Univ-Pred-NEW,LV-Univ-Pred,30,-0.005962594597648733,0.1488553397518,-0.006959202502269151,-0.11073749341629441,0.06456633449752927,0.17530382791382368,higher
sensitivity_n,Kinetics400,SaliencyTubes,SaliencyTubes,30,0.21591951071764207,0.266450230650259,0.28476961174012483,0.13484439259619763,0.39775518917169644,0.2629107965754988,higher
sensitivity_n,Overall,3D-Kernel-SHAP-NEW,3D-Kernel-SHAP,60,0.27899439989083247,0.26392134691146074,0.27609153224789973,0.08890040145303063,0.44572018332698765,0.356819781873957,higher
sensitivity_n,Overall,3D-LIME-NEW,3D-LIME,60,0.35753769612125924,0.26708646348871873,0.3385867160988738,0.20351034758052103,0.5581773227711568,0.35466697519063584,higher
sensitivity_n,Overall,3D-RISE-NEW,3D-RISE,60,0.3202490570220221,0.2586191367248896,0.35604371812747704,0.1848391853464872,0.4924740401209718,0.3076348547744846,higher
sensitivity_n,Overall,3D-Sampled-Occl-Sens-NEW,3D-Sampled-Occl-Sens,60,0.049393657118954784,0.15838224398354483,0.04044575950828015,-0.061355046485455374,0.17241340625579085,0.23376845274124622,higher
sensitivity_n,Overall,AOSA,AOSA,60,0.13555151025408246,0.27208087964100774,0.19579339499375403,-0.039563736275989775,0.32362088674017464,0.3631846230161644,higher
sensitivity_n,Overall,GradCAM,GradCAM,60,0.23381052351533418,0.2580942115721858,0.27953461868831625,0.0411296246472946,0.44662170857207456,0.40549208392478,higher
sensitivity_n,Overall,LV-LOCO-NEW,LV-LOCO,60,0.46625039131369944,0.28721932913489745,0.5007537046683708,0.32457692758619505,0.6445840642236922,0.32000713663749714,higher
sensitivity_n,Overall,LV-Univ-Pred-NEW,LV-Univ-Pred,60,0.05565922217952593,0.19248940411541,0.00861786102276465,-0.09643266749080724,0.1974142774240022,0.29384694491480945,higher
sensitivity_n,Overall,SaliencyTubes,SaliencyTubes,60,0.21647286628182996,0.24914012521601203,0.2159286109978881,0.07308841988331505,0.39905088823065105,0.325962468347336,higher
sparsity_80,EtriActivity3D,3D-Kernel-SHAP-NEW,3D-Kernel-SHAP,30,0.5738783899943034,0.277561325695594,0.6993599891662599,0.6098388671875,0.7499885082244873,0.14014964103698724,lower
sparsity_80,EtriActivity3D,3D-LIME-NEW,3D-LIME,30,0.6610345840454102,0.06140218252112022,0.6572338104248048,0.620732593536377,0.7032750606536865,0.0825424671173095,lower
sparsity_80,EtriActivity3D,3D-RISE-NEW,3D-RISE,30,0.6617346938775509,0.033873597608958576,0.6632653061224489,0.6479591836734694,0.6772959183673469,0.029336734693877542,lower
sparsity_80,EtriActivity3D,3D-Sampled-Occl-Sens-NEW,3D-Sampled-Occl-Sens,30,0.44453165881737305,0.3243449840798328,0.6334379905808478,0.035321821036106725,0.7146781789638933,0.6793563579277866,lower
sparsity_80,EtriActivity3D,AOSA,AOSA,30,0.41238091914784075,0.27562217495151836,0.3074570160095288,0.17743542729591832,0.7138842597585909,0.5364488324626726,lower
sparsity_80,EtriActivity3D,GradCAM,GradCAM,30,0.0903233506944444,0.02239411353664876,0.0857747395833333,0.07810872395833328,0.10094401041666665,0.022835286458333368,lower
sparsity_80,EtriActivity3D,LV-LOCO-NEW,LV-LOCO,30,0.5452397028605144,0.3084073328445688,0.7046218872070313,0.4497421264648437,0.7345143318176269,0.28477220535278325,lower
sparsity_80,EtriActivity3D,LV-Univ-Pred-NEW,LV-Univ-Pred,30,0.7397466786702473,0.03144972792120578,0.7395604133605957,0.7191213607788086,0.7663781642913818,0.04725680351257322,lower
sparsity_80,EtriActivity3D,SaliencyTubes,SaliencyTubes,30,0.27271701388888886,0.21639065616313335,0.1748372395833333,0.11206054687499997,0.32553710937499997,0.2134765625,lower
sparsity_80,Kinetics400,3D-Kernel-SHAP-NEW,3D-Kernel-SHAP,30,0.6290855471293131,0.1893206563088876,0.6853939056396485,0.6529229640960694,0.7139550685882569,0.06103210449218743,lower
sparsity_80,Kinetics400,3D-LIME-NEW,3D-LIME,30,0.6406181271870931,0.05456923962630157,0.627013111114502,0.5947012901306152,0.6747747898101807,0.08007349967956545,lower
sparsity_80,Kinetics400,3D-RISE-NEW,3D-RISE,30,0.6746598639455782,0.039716971199970245,0.6658163265306123,0.6530612244897959,0.7066326530612245,0.0535714285714286,lower
sparsity_80,Kinetics400,3D-Sampled-Occl-Sens-NEW,3D-Sampled-Occl-Sens,30,0.7199895342752485,0.04222947775056291,0.7268445839874411,0.7052590266875981,0.7429356357927787,0.03767660910518056,lower
sparsity_80,Kinetics400,AOSA,AOSA,30,0.49660963473931236,0.23041495738200662,0.5624119765093538,0.29702779549319724,0.7155754245057397,0.4185476290125425,lower
sparsity_80,Kinetics400,GradCAM,GradCAM,30,0.19221788194444442,0.061026185543665984,0.18440755208333331,0.15576171875,0.2072916666666666,0.051529947916666596,lower
sparsity_80,Kinetics400,LV-LOCO-NEW,LV-LOCO,30,0.7064126396179199,0.04563874138829838,0.7082376480102539,0.6839964389801025,0.7422403812408447,0.05824394226074214,lower
sparsity_80,Kinetics400,LV-Univ-Pred-NEW,LV-Univ-Pred,30,0.6843992042541504,0.05589135199925239,0.6855835914611816,0.6418249607086182,0.7257704734802246,0.08394551277160645,lower
sparsity_80,Kinetics400,SaliencyTubes,SaliencyTubes,30,0.3665907118055555,0.12757991533178187,0.3430013020833333,0.2856282552083333,0.4437337239583333,0.15810546875000003,lower
sparsity_80,Overall,3D-Kernel-SHAP-NEW,3D-Kernel-SHAP,60,0.6014819685618082,0.2371909359377501,0.6926067352294922,0.6452235698699952,0.7305185317993164,0.08529496192932118,lower
sparsity_80,Overall,3D-LIME-NEW,3D-LIME,60,0.6508263556162516,0.05850472147837239,0.6372293472290038,0.6120840549468993,0.6999623775482178,0.08787832260131845,lower
sparsity_80,Overall,3D-RISE-NEW,3D-RISE,60,0.6681972789115647,0.03717270604122811,0.6632653061224489,0.6479591836734694,0.6951530612244898,0.04719387755102045,lower
sparsity_80,Overall,3D-Sampled-Occl-Sens-NEW,3D-Sampled-Occl-Sens,60,0.5822605965463108,0.268096319159094,0.706436420722135,0.6295133437990581,0.7394034536891679,0.10989010989010983,lower
sparsity_80,Overall,AOSA,AOSA,60,0.45449527694357655,0.2554198135922073,0.4904967846513605,0.20910644531249997,0.7167869100765306,0.5076804647640306,lower
sparsity_80,Overall,GradCAM,GradCAM,60,0.1412706163194444,0.06867788854559932,0.1240559895833333,0.08741861979166665,0.18383789062499994,0.09641927083333329,lower
sparsity_80,Overall,LV-LOCO-NEW,LV-LOCO,60,0.6258261712392171,0.23319418275994178,0.7066306114196778,0.6675438404083252,0.7356659889221191,0.06812214851379395,lower
sparsity_80,Overall,LV-Univ-Pred-NEW,LV-Univ-Pred,60,0.7120729414621988,0.05291904173127866,0.7232291221618652,0.6790375709533691,0.7508264064788819,0.07178883552551274,lower
sparsity_80,Overall,SaliencyTubes,SaliencyTubes,60,0.3196538628472222,0.18236344055724849,0.2916341145833333,0.17991536458333332,0.4148274739583333,0.23491210937499998,lower
temporal_consistency,EtriActivity3D,3D-Kernel-SHAP-NEW,3D-Kernel-SHAP,30,0.9749674797058105,0.016837407379656378,0.9787659645080566,0.9663937091827393,0.9875384122133256,0.021144703030586354,higher
temporal_consistency,EtriActivity3D,3D-LIME-NEW,3D-LIME,30,0.9755933145682018,0.02040123485081231,0.9822349548339844,0.9703523069620132,0.9888194501399995,0.018467143177986256,higher
temporal_consistency,EtriActivity3D,3D-RISE-NEW,3D-RISE,30,0.4930614030609528,0.20438446737465552,0.5599600970745087,0.34230712056159973,0.6403400897979736,0.2980329692363739,higher
temporal_consistency,EtriActivity3D,3D-Sampled-Occl-Sens-NEW,3D-Sampled-Occl-Sens,30,0.040150475028591856,0.20283336239187152,-0.0005956644890829999,-0.0781007725745439,0.06407329160720106,0.14217406418174494,higher
temporal_consistency,EtriActivity3D,AOSA,AOSA,30,0.9758331696192424,0.01711396018288341,0.9828458726406097,0.9686823487281799,0.9872748106718063,0.018592461943626404,higher
temporal_consistency,EtriActivity3D,GradCAM,GradCAM,30,0.93975457350413,0.05556212421765163,0.9546371698379517,0.9094183892011642,0.9809227585792542,0.0715043693780899,higher
temporal_consistency,EtriActivity3D,LV-LOCO-NEW,LV-LOCO,30,0.9561704178651174,0.03418660401635924,0.9671489000320435,0.9412526488304138,0.9813419431447983,0.04008929431438446,higher
temporal_consistency,EtriActivity3D,LV-Univ-Pred-NEW,LV-Univ-Pred,30,0.9835495511690776,0.014753370404010997,0.988346666097641,0.9812809675931932,0.9926674365997314,0.01138646900653828,higher
temporal_consistency,EtriActivity3D,SaliencyTubes,SaliencyTubes,30,0.9862465818723043,0.01606580260703053,0.9919827878475189,0.9851462543010712,0.9956628382205964,0.010516583919525258,higher
temporal_consistency,Kinetics400,3D-Kernel-SHAP-NEW,3D-Kernel-SHAP,30,0.8951122303803761,0.036278021463157256,0.8953844904899597,0.8681957423686981,0.9168617278337479,0.048665985465049744,higher
temporal_consistency,Kinetics400,3D-LIME-NEW,3D-LIME,30,0.909831686814626,0.0334978957957423,0.9102562367916107,0.886870801448822,0.9289663285017014,0.042095527052879333,higher
temporal_consistency,Kinetics400,3D-RISE-NEW,3D-RISE,30,0.39839203357696534,0.17634961210192718,0.3658381402492523,0.2937242314219475,0.536772221326828,0.24304798990488052,higher
temporal_consistency,Kinetics400,3D-Sampled-Occl-Sens-NEW,3D-Sampled-Occl-Sens,30,-0.024238559929653982,0.11901489613829759,-0.05505870468914505,-0.07867401652038092,0.020084671443328227,0.09875868796370915,higher
temporal_consistency,Kinetics400,AOSA,AOSA,30,0.8864837984244028,0.05371607168496526,0.8870695233345032,0.8597767651081085,0.927100419998169,0.06732365489006042,higher
temporal_consistency,Kinetics400,GradCAM,GradCAM,30,0.9352013071378072,0.03563258993552315,0.9369028210639954,0.9137087613344193,0.9592954218387603,0.045586660504341014,higher
temporal_consistency,Kinetics400,LV-LOCO-NEW,LV-LOCO,30,0.8892723182837169,0.034483091220455335,0.886622965335846,0.8625077456235886,0.906100884079933,0.043593138456344493,higher
temporal_consistency,Kinetics400,LV-Univ-Pred-NEW,LV-Univ-Pred,30,0.9119471808274587,0.030354824659941205,0.9148751795291901,0.8893546313047409,0.9282497614622117,0.038895130157470814,higher
temporal_consistency,Kinetics400,SaliencyTubes,SaliencyTubes,30,0.9620257576306661,0.024367036474850445,0.9698470532894135,0.9473172724246979,0.9781240075826644,0.030806735157966503,higher
temporal_consistency,Overall,3D-Kernel-SHAP-NEW,3D-Kernel-SHAP,60,0.9350398550430934,0.04906604221160576,0.9511896371841431,0.8953999876976013,0.9805945605039598,0.08519457280635845,higher
temporal_consistency,Overall,3D-LIME-NEW,3D-LIME,60,0.9427125006914139,0.04307662428963457,0.9554051756858826,0.9049209505319595,0.9821041822433472,0.07718323171138763,higher
temporal_consistency,Overall,3D-RISE-NEW,3D-RISE,60,0.4457267183189591,0.19518474657166968,0.4448792487382889,0.3126127123832702,0.6092185974121094,0.29660588502883917,higher
temporal_consistency,Overall,3D-Sampled-Occl-Sens-NEW,3D-Sampled-Occl-Sens,60,0.007955957549468935,0.16804261218062924,-0.01368999527767295,-0.07973584346473211,0.034236812964081695,0.11397265642881381,higher
temporal_consistency,Overall,AOSA,AOSA,60,0.9311584840218227,0.05993223117956116,0.9504146873950958,0.8871113061904907,0.9826943725347519,0.09558306634426117,higher
temporal_consistency,Overall,GradCAM,GradCAM,60,0.9374779403209687,0.04633318644426756,0.9466292560100555,0.909668117761612,0.9694342166185379,0.05976609885692585,higher
temporal_consistency,Overall,LV-LOCO-NEW,LV-LOCO,60,0.9227213680744171,0.04792415488560055,0.925846427679062,0.8842243701219559,0.9694208055734634,0.08519643545150757,higher
temporal_consistency,Overall,LV-Univ-Pred-NEW,LV-Univ-Pred,60,0.9477483659982682,0.04316635809737798,0.9538523554801941,0.9152643829584123,0.9883519858121872,0.07308760285377491,higher
temporal_consistency,Overall,SaliencyTubes,SaliencyTubes,60,0.9741361697514852,0.02382981213018436,0.9814359843730927,0.9672466516494751,0.9931613653898239,0.025914713740348816,higher
