Metric,Dataset,Rank,Method,Mean,Median,N,Best,Worst
avg_drop,EtriActivity3D,1.0,3D-RISE,2.319062347243487,0.00014007091646558659,30,True,False
avg_drop,EtriActivity3D,2.0,3D-LIME,16.36148598203989,0.6542594409182476,30,False,False
avg_drop,EtriActivity3D,3.0,SaliencyTubes,20.100864202339917,4.802685811004492,30,False,False
avg_drop,EtriActivity3D,4.0,AOSA,20.953317396468375,0.4260841751287908,30,False,False
avg_drop,EtriActivity3D,5.0,3D-Kernel-SHAP,22.21540667612555,17.134800478605506,30,False,False
avg_drop,EtriActivity3D,6.0,GradCAM,34.78531978300891,15.104125704582447,30,False,False
avg_drop,EtriActivity3D,7.0,3D-Sampled-Occl-Sens,53.46847766051617,72.48485373516463,30,False,False
avg_drop,EtriActivity3D,8.0,LV-LOCO,59.61616594114787,69.56314390854737,30,False,False
avg_drop,EtriActivity3D,9.0,LV-Univ-Pred,72.71949379243284,98.57221871286637,30,False,True
avg_drop,Kinetics400,1.0,3D-RISE,5.834742624449917,0.0,30,True,False
avg_drop,Kinetics400,2.0,3D-Sampled-Occl-Sens,11.36986692163932,0.0,30,False,False
avg_drop,Kinetics400,3.0,GradCAM,26.688628147307305,6.69432484039603,30,False,False
avg_drop,Kinetics400,4.0,SaliencyTubes,28.503836689992404,12.772258340115833,30,False,False
avg_drop,Kinetics400,5.0,3D-LIME,28.735357561439336,25.830263463876747,30,False,False
avg_drop,Kinetics400,6.0,3D-Kernel-SHAP,33.26870078594797,30.877539585069254,30,False,False
avg_drop,Kinetics400,7.0,AOSA,35.64586070465645,22.09063496754242,30,False,False
avg_drop,Kinetics400,8.0,LV-LOCO,74.12999337912116,94.69320739498318,30,False,False
avg_drop,Kinetics400,9.0,LV-Univ-Pred,77.37793279068278,99.05580969262265,30,False,True
avg_drop,Overall,1.0,3D-RISE,4.076902485846702,0.0,60,True,False
avg_drop,Overall,2.0,3D-LIME,22.548421771739616,2.8437616031494306,60,False,False
avg_drop,Overall,3.0,SaliencyTubes,24.302350446166162,5.841710686023642,60,False,False
avg_drop,Overall,4.0,3D-Kernel-SHAP,27.742053731036762,19.846056406014572,60,False,False
avg_drop,Overall,5.0,AOSA,28.299589050562414,5.316189986985422,60,False,False
avg_drop,Overall,6.0,GradCAM,30.736973965158104,14.356446244876665,60,False,False
avg_drop,Overall,7.0,3D-Sampled-Occl-Sens,32.41917229107774,4.674050276292834,60,False,False
avg_drop,Overall,8.0,LV-LOCO,66.87307966013451,81.98592232197001,60,False,False
avg_drop,Overall,9.0,LV-Univ-Pred,75.04871329155782,98.86080628252823,60,False,True
bbox_energy_ratio,EtriActivity3D,1.0,GradCAM,0.34560958244837814,0.29799607396125793,30,True,False
bbox_energy_ratio,EtriActivity3D,2.0,SaliencyTubes,0.33369771807144083,0.27646979689598083,30,False,False
bbox_energy_ratio,EtriActivity3D,3.0,LV-LOCO,0.2821622913703322,0.1933274939656257,30,False,False
bbox_energy_ratio,EtriActivity3D,4.0,AOSA,0.25080014467239375,0.1985932290554046,30,False,False
bbox_energy_ratio,EtriActivity3D,5.0,3D-Kernel-SHAP,0.24037834834307426,0.2031745761632919,30,False,False
bbox_energy_ratio,EtriActivity3D,6.0,3D-LIME,0.18607218830535807,0.19138949364423746,30,False,False
bbox_energy_ratio,EtriActivity3D,7.0,3D-RISE,0.13676704696069159,0.13552451133728027,30,False,False
bbox_energy_ratio,EtriActivity3D,8.0,LV-Univ-Pred,0.12107943957671519,0.12470956146717065,30,False,False
bbox_energy_ratio,EtriActivity3D,9.0,3D-Sampled-Occl-Sens,0.08416223369832394,0.07710671797394744,30,False,True
bbox_energy_ratio,Kinetics400,1.0,AOSA,0.3933437474324213,0.3907049149274826,30,True,False
bbox_energy_ratio,Kinetics400,2.0,GradCAM,0.3660974481841549,0.3442230671644211,30,False,False
bbox_energy_ratio,Kinetics400,3.0,SaliencyTubes,0.35899373608020446,0.3456268161535263,30,False,False
bbox_energy_ratio,Kinetics400,4.0,3D-LIME,0.3551038436436405,0.3134741187095642,30,False,False
bbox_energy_ratio,Kinetics400,5.0,3D-Kernel-SHAP,0.3451502036380891,0.2857493609189987,30,False,False
bbox_energy_ratio,Kinetics400,6.0,LV-LOCO,0.33779345743047695,0.28084202110767365,30,False,False
bbox_energy_ratio,Kinetics400,7.0,LV-Univ-Pred,0.317142750689527,0.21494169533252716,30,False,False
bbox_energy_ratio,Kinetics400,8.0,3D-RISE,0.2942954357713461,0.278952494263649,30,False,False
bbox_energy_ratio,Kinetics400,9.0,3D-Sampled-Occl-Sens,0.26479367576539514,0.20245001465082163,30,False,True
bbox_energy_ratio,Overall,1.0,GradCAM,0.3558535153162666,0.3029851019382477,60,True,False
bbox_energy_ratio,Overall,2.0,SaliencyTubes,0.3463457270758227,0.3117772489786148,60,False,False
bbox_energy_ratio,Overall,3.0,AOSA,0.3220719460524075,0.23757569491863245,60,False,False
bbox_energy_ratio,Overall,4.0,LV-LOCO,0.3099778744004046,0.21960917115211487,60,False,False
bbox_energy_ratio,Overall,5.0,3D-Kernel-SHAP,0.2927642759905817,0.21104238182306284,60,False,False
bbox_energy_ratio,Overall,6.0,3D-LIME,0.2705880159744992,0.21051446348428726,60,False,False
bbox_energy_ratio,Overall,7.0,LV-Univ-Pred,0.2191110951331211,0.1548638120293617,60,False,False
bbox_energy_ratio,Overall,8.0,3D-RISE,0.2155312413660188,0.16738481074571604,60,False,False
bbox_energy_ratio,Overall,9.0,3D-Sampled-Occl-Sens,0.17447795473185954,0.1093687526881694,60,False,True
deletion_auc,EtriActivity3D,1.0,SaliencyTubes,0.09597186078753851,0.05162618212540045,30,True,False
deletion_auc,EtriActivity3D,2.0,3D-LIME,0.1200056066895829,0.0760293896391125,30,False,False
deletion_auc,EtriActivity3D,3.0,3D-RISE,0.13098242155770637,0.09893393560731994,30,False,False
deletion_auc,EtriActivity3D,4.0,3D-Kernel-SHAP,0.14480076813702933,0.08995417573220829,30,False,False
deletion_auc,EtriActivity3D,5.0,LV-LOCO,0.2388225781738684,0.15778802799249475,30,False,False
deletion_auc,EtriActivity3D,6.0,GradCAM,0.25246675984435946,0.12619400350814136,30,False,False
deletion_auc,EtriActivity3D,7.0,3D-Sampled-Occl-Sens,0.3073399393041073,0.31645315470252,30,False,False
deletion_auc,EtriActivity3D,8.0,AOSA,0.3336911655397761,0.2515259110164248,30,False,False
deletion_auc,EtriActivity3D,9.0,LV-Univ-Pred,0.4097069683054266,0.4391622746546785,30,False,True
deletion_auc,Kinetics400,1.0,3D-LIME,0.15061442880405881,0.12288566738575404,30,True,False
deletion_auc,Kinetics400,2.0,3D-Kernel-SHAP,0.1995610901574923,0.15940242022754814,30,False,False
deletion_auc,Kinetics400,3.0,3D-RISE,0.20297485328268353,0.1759991280226644,30,False,False
deletion_auc,Kinetics400,4.0,AOSA,0.24455667446491391,0.24314247800428895,30,False,False
deletion_auc,Kinetics400,5.0,GradCAM,0.24746221893292797,0.1658102599595323,30,False,False
deletion_auc,Kinetics400,6.0,SaliencyTubes,0.25796354767825785,0.1716943757376459,30,False,False
deletion_auc,Kinetics400,7.0,LV-LOCO,0.27099387480673554,0.22414304901507076,30,False,False
deletion_auc,Kinetics400,8.0,3D-Sampled-Occl-Sens,0.3024563511681752,0.24076107373443306,30,False,False
deletion_auc,Kinetics400,9.0,LV-Univ-Pred,0.3956618486000684,0.41409328963794334,30,False,True
deletion_auc,Overall,1.0,3D-LIME,0.13531001774682086,0.0934636177452317,60,True,False
deletion_auc,Overall,2.0,3D-RISE,0.16697863742019498,0.1137958826759798,60,False,False
deletion_auc,Overall,3.0,3D-Kernel-SHAP,0.17218092914726082,0.1381106350406618,60,False,False
deletion_auc,Overall,4.0,SaliencyTubes,0.17696770423289818,0.1087267578174885,60,False,False
deletion_auc,Overall,5.0,GradCAM,0.2499644893886437,0.1357669463474018,60,False,False
deletion_auc,Overall,6.0,LV-LOCO,0.254908226490302,0.20284489564253133,60,False,False
deletion_auc,Overall,7.0,AOSA,0.28912392000234494,0.24314247800428895,60,False,False
deletion_auc,Overall,8.0,3D-Sampled-Occl-Sens,0.3048981452361413,0.277725814237443,60,False,False
deletion_auc,Overall,9.0,LV-Univ-Pred,0.4026844084527475,0.41562114794566496,60,False,True
insertion_auc,EtriActivity3D,1.0,3D-LIME,0.9012353169211849,0.951827639550909,30,True,False
insertion_auc,EtriActivity3D,2.0,3D-Kernel-SHAP,0.882025809524968,0.9502349141408117,30,False,False
insertion_auc,EtriActivity3D,3.0,3D-RISE,0.8007787592633498,0.8814706255880254,30,False,False
insertion_auc,EtriActivity3D,4.0,LV-LOCO,0.797191319217723,0.8683112444091935,30,False,False
insertion_auc,EtriActivity3D,5.0,SaliencyTubes,0.7250558545441158,0.7592189348408964,30,False,False
insertion_auc,EtriActivity3D,6.0,AOSA,0.6790195798065853,0.7825023046348332,30,False,False
insertion_auc,EtriActivity3D,7.0,3D-Sampled-Occl-Sens,0.6536646603828615,0.6584723888358963,30,False,False
insertion_auc,EtriActivity3D,8.0,GradCAM,0.6253375328579069,0.6443272882693469,30,False,False
insertion_auc,EtriActivity3D,9.0,LV-Univ-Pred,0.5838700735928725,0.5346883076966098,30,False,True
insertion_auc,Kinetics400,1.0,3D-RISE,0.6394432728426438,0.6479284607843344,30,True,False
insertion_auc,Kinetics400,2.0,3D-LIME,0.629100407984067,0.6426390447132195,30,False,False
insertion_auc,Kinetics400,3.0,SaliencyTubes,0.6072330357593446,0.6661859285071254,30,False,False
insertion_auc,Kinetics400,4.0,GradCAM,0.6028393268095278,0.6521842089899738,30,False,False
insertion_auc,Kinetics400,5.0,AOSA,0.5707656615778284,0.6260455620289546,30,False,False
insertion_auc,Kinetics400,6.0,3D-Kernel-SHAP,0.5383306641755394,0.570343941933465,30,False,False
insertion_auc,Kinetics400,7.0,3D-Sampled-Occl-Sens,0.5187359651683897,0.5519987517164312,30,False,False
insertion_auc,Kinetics400,8.0,LV-LOCO,0.48644240145418594,0.4682387091177908,30,False,False
insertion_auc,Kinetics400,9.0,LV-Univ-Pred,0.3859197775434657,0.3462445704098138,30,False,True
insertion_auc,Overall,1.0,3D-LIME,0.765167862452626,0.8248963150922253,60,True,False
insertion_auc,Overall,2.0,3D-RISE,0.7201110160529968,0.7893361764661848,60,False,False
insertion_auc,Overall,3.0,3D-Kernel-SHAP,0.7101782368502537,0.7616088868561488,60,False,False
insertion_auc,Overall,4.0,SaliencyTubes,0.6661444451517302,0.6819534872885298,60,False,False
insertion_auc,Overall,5.0,LV-LOCO,0.6418168603359544,0.6958964275049591,60,False,False
insertion_auc,Overall,6.0,AOSA,0.6248926206922067,0.7066991025699931,60,False,False
insertion_auc,Overall,7.0,GradCAM,0.6140884298337174,0.6443272882693469,60,False,False
insertion_auc,Overall,8.0,3D-Sampled-Occl-Sens,0.5862003127756257,0.5986371205901958,60,False,False
insertion_auc,Overall,9.0,LV-Univ-Pred,0.48489492556816904,0.39920388892384584,60,False,True
iou50,EtriActivity3D,1.0,LV-LOCO,0.23333333333333334,0.0,30,True,False
iou50,EtriActivity3D,2.0,3D-Kernel-SHAP,0.2,0.0,30,False,False
iou50,EtriActivity3D,3.0,3D-LIME,0.16666666666666666,0.0,30,False,False
iou50,EtriActivity3D,4.0,LV-Univ-Pred,0.13333333333333333,0.0,30,False,False
iou50,EtriActivity3D,6.5,3D-RISE,0.03333333333333333,0.0,30,False,False
iou50,EtriActivity3D,6.5,AOSA,0.03333333333333333,0.0,30,False,False
iou50,EtriActivity3D,6.5,GradCAM,0.03333333333333333,0.0,30,False,False
iou50,EtriActivity3D,6.5,SaliencyTubes,0.03333333333333333,0.0,30,False,False
iou50,EtriActivity3D,9.0,3D-Sampled-Occl-Sens,0.0,0.0,30,False,True
iou50,Kinetics400,1.0,LV-Univ-Pred,0.3333333333333333,0.0,30,True,False
iou50,Kinetics400,5.0,3D-Kernel-SHAP,0.3,0.0,30,False,False
iou50,Kinetics400,5.0,3D-LIME,0.3,0.0,30,False,False
iou50,Kinetics400,5.0,3D-RISE,0.3,0.0,30,False,False
iou50,Kinetics400,5.0,3D-Sampled-Occl-Sens,0.3,0.0,30,False,False
iou50,Kinetics400,5.0,AOSA,0.3,0.0,30,False,False
iou50,Kinetics400,5.0,LV-LOCO,0.3,0.0,30,False,False
iou50,Kinetics400,5.0,SaliencyTubes,0.3,0.0,30,False,False
iou50,Kinetics400,9.0,GradCAM,0.26666666666666666,0.0,30,False,True
iou50,Overall,1.0,LV-LOCO,0.26666666666666666,0.0,60,True,False
iou50,Overall,2.0,3D-Kernel-SHAP,0.25,0.0,60,False,False
iou50,Overall,3.5,3D-LIME,0.23333333333333334,0.0,60,False,False
iou50,Overall,3.5,LV-Univ-Pred,0.23333333333333334,0.0,60,False,False
iou50,Overall,6.0,3D-RISE,0.16666666666666666,0.0,60,False,False
iou50,Overall,6.0,AOSA,0.16666666666666666,0.0,60,False,False
iou50,Overall,6.0,SaliencyTubes,0.16666666666666666,0.0,60,False,False
iou50,Overall,8.5,3D-Sampled-Occl-Sens,0.15,0.0,60,False,True
iou50,Overall,8.5,GradCAM,0.15,0.0,60,False,True
iou_value,EtriActivity3D,1.0,LV-LOCO,0.3173048842383224,0.2922285925446775,30,True,False
iou_value,EtriActivity3D,2.0,3D-LIME,0.30564251876596066,0.28478645788237145,30,False,False
iou_value,EtriActivity3D,3.0,3D-Kernel-SHAP,0.2743894571179064,0.2375583869694739,30,False,False
iou_value,EtriActivity3D,4.0,SaliencyTubes,0.2645594008545645,0.27400341107333726,30,False,False
iou_value,EtriActivity3D,5.0,LV-Univ-Pred,0.25404439934650547,0.23198113435179069,30,False,False
iou_value,EtriActivity3D,6.0,GradCAM,0.23472746070760916,0.26567557557600985,30,False,False
iou_value,EtriActivity3D,7.0,3D-RISE,0.2308576850444643,0.22786002371061184,30,False,False
iou_value,EtriActivity3D,8.0,AOSA,0.20052171129886567,0.15339672809587154,30,False,False
iou_value,EtriActivity3D,9.0,3D-Sampled-Occl-Sens,0.12358530024308217,0.1196588059334118,30,False,True
iou_value,Kinetics400,1.0,LV-LOCO,0.33598631211848823,0.2610652523076959,30,True,False
iou_value,Kinetics400,2.0,SaliencyTubes,0.3348603473529964,0.2978934872302167,30,False,False
iou_value,Kinetics400,3.0,3D-RISE,0.3315837975336994,0.21941242955606244,30,False,False
iou_value,Kinetics400,4.0,3D-Sampled-Occl-Sens,0.33045922370574216,0.21794289937866354,30,False,False
iou_value,Kinetics400,5.0,3D-Kernel-SHAP,0.3300201309577745,0.261469185225275,30,False,False
iou_value,Kinetics400,6.0,GradCAM,0.329571113145371,0.29726165256922066,30,False,False
iou_value,Kinetics400,7.0,3D-LIME,0.3288685176813952,0.21941242955606244,30,False,False
iou_value,Kinetics400,8.0,AOSA,0.32867588420680455,0.21941242955606244,30,False,False
iou_value,Kinetics400,9.0,LV-Univ-Pred,0.31912864762285953,0.2163238813804494,30,False,True
iou_value,Overall,1.0,LV-LOCO,0.3266455981784053,0.28531231133250134,60,True,False
iou_value,Overall,2.0,3D-LIME,0.3172555182236779,0.2472690930328223,60,False,False
iou_value,Overall,3.0,3D-Kernel-SHAP,0.30220479403784045,0.2391839769905302,60,False,False
iou_value,Overall,4.0,SaliencyTubes,0.29970987410378047,0.28034950755731003,60,False,False
iou_value,Overall,5.0,LV-Univ-Pred,0.28658652348468255,0.2163238813804494,60,False,False
iou_value,Overall,6.0,GradCAM,0.2821492869264901,0.2722999883656695,60,False,False
iou_value,Overall,7.0,3D-RISE,0.2812207412890818,0.21941242955606244,60,False,False
iou_value,Overall,8.0,AOSA,0.2645987977528351,0.20591899100321004,60,False,False
iou_value,Overall,9.0,3D-Sampled-Occl-Sens,0.22702226197441217,0.16227335640138404,60,False,True
pointing_game,EtriActivity3D,1.0,3D-LIME,0.8,1.0,30,True,False
pointing_game,EtriActivity3D,2.5,3D-Kernel-SHAP,0.7,1.0,30,False,False
pointing_game,EtriActivity3D,2.5,3D-RISE,0.7,1.0,30,False,False
pointing_game,EtriActivity3D,4.0,3D-Sampled-Occl-Sens,0.6333333333333333,1.0,30,False,False
pointing_game,EtriActivity3D,5.0,LV-LOCO,0.6,1.0,30,False,False
pointing_game,EtriActivity3D,6.5,LV-Univ-Pred,0.4666666666666667,0.0,30,False,False
pointing_game,EtriActivity3D,6.5,SaliencyTubes,0.4666666666666667,0.0,30,False,False
pointing_game,EtriActivity3D,8.0,AOSA,0.43333333333333335,0.0,30,False,False
pointing_game,EtriActivity3D,9.0,GradCAM,0.4,0.0,30,False,True
pointing_game,Kinetics400,1.0,3D-LIME,0.5666666666666667,1.0,30,True,False
pointing_game,Kinetics400,3.0,3D-Kernel-SHAP,0.5,0.5,30,False,False
pointing_game,Kinetics400,3.0,AOSA,0.5,0.5,30,False,False
pointing_game,Kinetics400,3.0,LV-LOCO,0.5,0.5,30,False,False
pointing_game,Kinetics400,5.5,3D-RISE,0.4666666666666667,0.0,30,False,False
pointing_game,Kinetics400,5.5,SaliencyTubes,0.4666666666666667,0.0,30,False,False
pointing_game,Kinetics400,7.0,LV-Univ-Pred,0.36666666666666664,0.0,30,False,False
pointing_game,Kinetics400,8.0,3D-Sampled-Occl-Sens,0.3333333333333333,0.0,30,False,False
pointing_game,Kinetics400,9.0,GradCAM,0.2,0.0,30,False,True
pointing_game,Overall,1.0,3D-LIME,0.6833333333333333,1.0,60,True,False
pointing_game,Overall,2.0,3D-Kernel-SHAP,0.6,1.0,60,False,False
pointing_game,Overall,3.0,3D-RISE,0.5833333333333334,1.0,60,False,False
pointing_game,Overall,4.0,LV-LOCO,0.55,1.0,60,False,False
pointing_game,Overall,5.0,3D-Sampled-Occl-Sens,0.48333333333333334,0.0,60,False,False
pointing_game,Overall,6.5,AOSA,0.4666666666666667,0.0,60,False,False
pointing_game,Overall,6.5,SaliencyTubes,0.4666666666666667,0.0,60,False,False
pointing_game,Overall,8.0,LV-Univ-Pred,0.4166666666666667,0.0,60,False,False
pointing_game,Overall,9.0,GradCAM,0.3,0.0,60,False,True
runtime_seconds,EtriActivity3D,1.5,GradCAM,1.8045071840286255,1.8392757177352905,30,True,False
runtime_seconds,EtriActivity3D,1.5,SaliencyTubes,1.8045071840286255,1.8392757177352905,30,True,False
runtime_seconds,EtriActivity3D,3.0,AOSA,75.27436759471894,75.14227628707886,30,False,False
runtime_seconds,EtriActivity3D,4.0,LV-Univ-Pred,96.88619972864787,98.48113894462585,30,False,False
runtime_seconds,EtriActivity3D,5.0,LV-LOCO,97.18263201713562,98.62417578697205,30,False,False
runtime_seconds,EtriActivity3D,6.0,3D-RISE,440.13420581817627,440.5817264318466,30,False,False
runtime_seconds,EtriActivity3D,7.0,3D-LIME,442.5504455169042,443.0754688978195,30,False,False
runtime_seconds,EtriActivity3D,8.0,3D-Kernel-SHAP,449.1502165476481,449.4127378463745,30,False,False
runtime_seconds,EtriActivity3D,9.0,3D-Sampled-Occl-Sens,473.745352935791,474.38277220726013,30,False,True
runtime_seconds,Kinetics400,1.5,GradCAM,2.1778955539067586,2.1774399280548096,30,True,False
runtime_seconds,Kinetics400,1.5,SaliencyTubes,2.1778955539067586,2.1774399280548096,30,True,False
runtime_seconds,Kinetics400,3.0,AOSA,75.18966939449311,75.83542156219482,30,False,False
runtime_seconds,Kinetics400,4.0,LV-Univ-Pred,87.14995005130768,87.38379490375519,30,False,False
runtime_seconds,Kinetics400,5.0,LV-LOCO,87.39453608194987,87.15740549564362,30,False,False
runtime_seconds,Kinetics400,6.0,3D-RISE,440.94725884596505,441.1508022546768,30,False,False
runtime_seconds,Kinetics400,7.0,3D-LIME,443.45161691506706,443.4858988523483,30,False,False
runtime_seconds,Kinetics400,8.0,3D-Kernel-SHAP,469.9724387963613,470.0678961277008,30,False,False
runtime_seconds,Kinetics400,9.0,3D-Sampled-Occl-Sens,474.8333231131236,475.1879338026047,30,False,True
runtime_seconds,Overall,1.5,GradCAM,1.991201368967692,2.100161910057068,60,True,False
runtime_seconds,Overall,1.5,SaliencyTubes,1.991201368967692,2.100161910057068,60,True,False
runtime_seconds,Overall,3.0,AOSA,75.23201849460602,75.69133567810059,60,False,False
runtime_seconds,Overall,4.0,LV-Univ-Pred,92.01807488997777,96.31901836395264,60,False,False
runtime_seconds,Overall,5.0,LV-LOCO,92.28858404954275,96.55861496925354,60,False,False
runtime_seconds,Overall,6.0,3D-RISE,440.54073233207066,440.8948278427124,60,False,False
runtime_seconds,Overall,7.0,3D-LIME,443.0010312159856,443.3064591884613,60,False,False
runtime_seconds,Overall,8.0,3D-Kernel-SHAP,459.5613276720047,454.68197321891785,60,False,False
runtime_seconds,Overall,9.0,3D-Sampled-Occl-Sens,474.2893380244573,474.8412551879883,60,False,True
sparsity_80,EtriActivity3D,1.0,GradCAM,0.0903233506944444,0.0857747395833333,30,True,False
sparsity_80,EtriActivity3D,2.0,SaliencyTubes,0.27271701388888886,0.1748372395833333,30,False,False
sparsity_80,EtriActivity3D,3.0,AOSA,0.41238091914784075,0.3074570160095288,30,False,False
sparsity_80,EtriActivity3D,4.0,3D-Sampled-Occl-Sens,0.44453165881737305,0.6334379905808478,30,False,False
sparsity_80,EtriActivity3D,5.0,LV-LOCO,0.5452397028605144,0.7046218872070313,30,False,False
sparsity_80,EtriActivity3D,6.0,3D-Kernel-SHAP,0.5738783899943034,0.6993599891662599,30,False,False
sparsity_80,EtriActivity3D,7.0,3D-LIME,0.6610345840454102,0.6572338104248048,30,False,False
sparsity_80,EtriActivity3D,8.0,3D-RISE,0.6617346938775509,0.6632653061224489,30,False,False
sparsity_80,EtriActivity3D,9.0,LV-Univ-Pred,0.7397466786702473,0.7395604133605957,30,False,True
sparsity_80,Kinetics400,1.0,GradCAM,0.19221788194444442,0.18440755208333331,30,True,False
sparsity_80,Kinetics400,2.0,SaliencyTubes,0.3665907118055555,0.3430013020833333,30,False,False
sparsity_80,Kinetics400,3.0,AOSA,0.49660963473931236,0.5624119765093538,30,False,False
sparsity_80,Kinetics400,4.0,3D-Kernel-SHAP,0.6290855471293131,0.6853939056396485,30,False,False
sparsity_80,Kinetics400,5.0,3D-LIME,0.6406181271870931,0.627013111114502,30,False,False
sparsity_80,Kinetics400,6.0,3D-RISE,0.6746598639455782,0.6658163265306123,30,False,False
sparsity_80,Kinetics400,7.0,LV-Univ-Pred,0.6843992042541504,0.6855835914611816,30,False,False
sparsity_80,Kinetics400,8.0,LV-LOCO,0.7064126396179199,0.7082376480102539,30,False,False
sparsity_80,Kinetics400,9.0,3D-Sampled-Occl-Sens,0.7199895342752485,0.7268445839874411,30,False,True
sparsity_80,Overall,1.0,GradCAM,0.1412706163194444,0.1240559895833333,60,True,False
sparsity_80,Overall,2.0,SaliencyTubes,0.3196538628472222,0.2916341145833333,60,False,False
sparsity_80,Overall,3.0,AOSA,0.45449527694357655,0.4904967846513605,60,False,False
sparsity_80,Overall,4.0,3D-Sampled-Occl-Sens,0.5822605965463108,0.706436420722135,60,False,False
sparsity_80,Overall,5.0,3D-Kernel-SHAP,0.6014819685618082,0.6926067352294922,60,False,False
sparsity_80,Overall,6.0,LV-LOCO,0.6258261712392171,0.7066306114196778,60,False,False
sparsity_80,Overall,7.0,3D-LIME,0.6508263556162516,0.6372293472290038,60,False,False
sparsity_80,Overall,8.0,3D-RISE,0.6681972789115647,0.6632653061224489,60,False,False
sparsity_80,Overall,9.0,LV-Univ-Pred,0.7120729414621988,0.7232291221618652,60,False,True
temporal_consistency,EtriActivity3D,1.0,SaliencyTubes,0.9862465818723043,0.9919827878475189,30,True,False
temporal_consistency,EtriActivity3D,2.0,LV-Univ-Pred,0.9835495511690776,0.988346666097641,30,False,False
temporal_consistency,EtriActivity3D,3.0,AOSA,0.9758331696192424,0.9828458726406097,30,False,False
temporal_consistency,EtriActivity3D,4.0,3D-LIME,0.9755933145682018,0.9822349548339844,30,False,False
temporal_consistency,EtriActivity3D,5.0,3D-Kernel-SHAP,0.9749674797058105,0.9787659645080566,30,False,False
temporal_consistency,EtriActivity3D,6.0,LV-LOCO,0.9561704178651174,0.9671489000320435,30,False,False
temporal_consistency,EtriActivity3D,7.0,GradCAM,0.93975457350413,0.9546371698379517,30,False,False
temporal_consistency,EtriActivity3D,8.0,3D-RISE,0.4930614030609528,0.5599600970745087,30,False,False
temporal_consistency,EtriActivity3D,9.0,3D-Sampled-Occl-Sens,0.040150475028591856,-0.0005956644890829999,30,False,True
temporal_consistency,Kinetics400,1.0,SaliencyTubes,0.9620257576306661,0.9698470532894135,30,True,False
temporal_consistency,Kinetics400,2.0,GradCAM,0.9352013071378072,0.9369028210639954,30,False,False
temporal_consistency,Kinetics400,3.0,LV-Univ-Pred,0.9119471808274587,0.9148751795291901,30,False,False
temporal_consistency,Kinetics400,4.0,3D-LIME,0.909831686814626,0.9102562367916107,30,False,False
temporal_consistency,Kinetics400,5.0,3D-Kernel-SHAP,0.8951122303803761,0.8953844904899597,30,False,False
temporal_consistency,Kinetics400,6.0,LV-LOCO,0.8892723182837169,0.886622965335846,30,False,False
temporal_consistency,Kinetics400,7.0,AOSA,0.8864837984244028,0.8870695233345032,30,False,False
temporal_consistency,Kinetics400,8.0,3D-RISE,0.39839203357696534,0.3658381402492523,30,False,False
temporal_consistency,Kinetics400,9.0,3D-Sampled-Occl-Sens,-0.024238559929653982,-0.05505870468914505,30,False,True
temporal_consistency,Overall,1.0,SaliencyTubes,0.9741361697514852,0.9814359843730927,60,True,False
temporal_consistency,Overall,2.0,LV-Univ-Pred,0.9477483659982682,0.9538523554801941,60,False,False
temporal_consistency,Overall,3.0,3D-LIME,0.9427125006914139,0.9554051756858826,60,False,False
temporal_consistency,Overall,4.0,GradCAM,0.9374779403209687,0.9466292560100555,60,False,False
temporal_consistency,Overall,5.0,3D-Kernel-SHAP,0.9350398550430934,0.9511896371841431,60,False,False
temporal_consistency,Overall,6.0,AOSA,0.9311584840218227,0.9504146873950958,60,False,False
temporal_consistency,Overall,7.0,LV-LOCO,0.9227213680744171,0.925846427679062,60,False,False
temporal_consistency,Overall,8.0,3D-RISE,0.4457267183189591,0.4448792487382889,60,False,False
temporal_consistency,Overall,9.0,3D-Sampled-Occl-Sens,0.007955957549468935,-0.01368999527767295,60,False,True
